Package name,package,version,source_file,hit_rules_count,hit_rules,rule_IG-001,rule_IG-002,rule_IG-003,rule_IG-004,rule_IG-005,rule_IG-006,rule_IG-007,rule_IG-008,rule_IG-009,rule_IG-010,rule_IG-011,rule_DT-001,rule_DT-002,rule_DT-003,rule_DT-004,rule_DT-006,rule_DT-007,rule_DT-008,rule_DT-009,rule_DT-010,rule_DT-011,rule_DT-012,rule_DT-013,rule_IG-013,rule_IG-014,rule_DT-014,rule_DT-016,rule_DT-017,rule_DT-018,rule_DT-020,rule_DT-030,rule_DT-032,rule_IG-012,rule_DE-001,rule_DE-002,rule_DE-003,rule_DE-004,rule_DE-005,rule_DE-006,rule_DE-007,rule_PE-001,rule_PE-002,rule_PE-003,rule_PE-004,rule_PE-005,rule_PE-006,rule_PE-007,rule_PE-008,rule_PE-009,rule_PE-010,rule_PE-011,rule_PE-012,rule_PE-013,rule_PE-014,rule_PE-015,rule_PE-016,rule_SP-001,rule_SP-002,rule_SP-003,rule_SP-004,malicious_node_count,malicious_ratio,category_diversity,IG_ratio,DT_ratio,DE_ratio,PE_ratio,SP_ratio,malicious_internal_edges,malicious_density,malicious_components,mean_degree_centrality_full,max_degree_centrality_full,mean_malicious_pagerank,max_malicious_pagerank,sum_malicious_pagerank,mean_malicious_betweenness,max_malicious_betweenness,mean_degree_centrality_sub,max_degree_centrality_sub,mean_pagerank_sub,max_pagerank_sub,mean_betweenness_sub,max_betweenness_sub,num_malicious_communities,max_community_maliciousness_ratio,malicious_community_entropy
@aviatrixdev-flight-suit-1.1.238,@aviatrixdev/flight-suit,1.1.238,10墩6휑,2,"PE-001,PE-002",0,0,0,0,0,0,0,0,0,0,0,0,0,0,0,0,0,0,0,0,0,0,0,0,0,0,0,0,0,0,0,0,0,0,0,0,0,0,0,0,1,1,0,0,0,0,0,0,0,0,0,0,0,0,0,0,0,0,0,0,4,0.18181818181818182,1,0,0,0,1,0,0,0,4,0.09523809523809523,0.14285714285714285,0.05146993877465553,0.06258456539110124,0.2058797550986221,0.008333333333333335,0.028571428571428574,0,0,0.25,0.25,0,0,2,0.3333333333333333,1
@aviatrixdev-flight-suit-1.1.240,@aviatrixdev/flight-suit,1.1.240,10墩6휑,2,"PE-001,PE-002",0,0,0,0,0,0,0,0,0,0,0,0,0,0,0,0,0,0,0,0,0,0,0,0,0,0,0,0,0,0,0,0,0,0,0,0,0,0,0,0,1,1,0,0,0,0,0,0,0,0,0,0,0,0,0,0,0,0,0,0,4,0.18181818181818182,1,0,0,0,1,0,0,0,4,0.09523809523809523,0.14285714285714285,0.05146993877465553,0.06258456539110124,0.2058797550986221,0.008333333333333335,0.028571428571428574,0,0,0.25,0.25,0,0,2,0.3333333333333333,1
@aviatrixdev-flight-suit-1.1.241,@aviatrixdev/flight-suit,1.1.241,10墩6휑,2,"PE-001,PE-002",0,0,0,0,0,0,0,0,0,0,0,0,0,0,0,0,0,0,0,0,0,0,0,0,0,0,0,0,0,0,0,0,0,0,0,0,0,0,0,0,1,1,0,0,0,0,0,0,0,0,0,0,0,0,0,0,0,0,0,0,4,0.18181818181818182,1,0,0,0,1,0,0,0,4,0.09523809523809523,0.14285714285714285,0.05146993877465553,0.06258456539110124,0.2058797550986221,0.008333333333333335,0.028571428571428574,0,0,0.25,0.25,0,0,2,0.3333333333333333,1
@aviatrixdev-flight-suit-1.1.246,@aviatrixdev/flight-suit,1.1.246,10墩6휑,8,"DT-001,DT-002,DT-003,DT-012,PE-001,PE-002,PE-003,PE-007",0,0,0,0,0,0,0,0,0,0,0,1,1,1,0,0,0,0,0,0,0,1,0,0,0,0,0,0,0,0,0,0,0,0,0,0,0,0,0,0,1,1,1,0,0,0,1,0,0,0,0,0,0,0,0,0,0,0,0,0,11,0.22448979591836735,2,0,0.45454545454545453,0,0.5454545454545454,0,1,0.00909090909090909,10,0.039772727272727265,0.08333333333333333,0.019370598354885804,0.03340349344352078,0.21307658190374384,0.009026434558349452,0.07801418439716312,0.018181818181818184,0.1,0.09090909090909095,0.15614823099515066,0,0,6,0.6666666666666666,2.481714572986073
@aviatrixdev-flight-suit-1.1.247,@aviatrixdev/flight-suit,1.1.247,10墩6휑,8,"DT-001,DT-002,DT-003,DT-012,PE-001,PE-002,PE-003,PE-007",0,0,0,0,0,0,0,0,0,0,0,1,1,1,0,0,0,0,0,0,0,1,0,0,0,0,0,0,0,0,0,0,0,0,0,0,0,0,0,0,1,1,1,0,0,0,1,0,0,0,0,0,0,0,0,0,0,0,0,0,11,0.22448979591836735,2,0,0.45454545454545453,0,0.5454545454545454,0,1,0.00909090909090909,10,0.039772727272727265,0.08333333333333333,0.019370598354885804,0.03340349344352078,0.21307658190374384,0.009026434558349452,0.07801418439716312,0.018181818181818184,0.1,0.09090909090909095,0.15614823099515066,0,0,6,0.6666666666666666,2.481714572986073
@aviatrixdev-flight-suit-1.1.249,@aviatrixdev/flight-suit,1.1.249,10墩6휑,2,"PE-001,PE-002",0,0,0,0,0,0,0,0,0,0,0,0,0,0,0,0,0,0,0,0,0,0,0,0,0,0,0,0,0,0,0,0,0,0,0,0,0,0,0,0,1,1,0,0,0,0,0,0,0,0,0,0,0,0,0,0,0,0,0,0,4,0.18181818181818182,1,0,0,0,1,0,0,0,4,0.09523809523809523,0.14285714285714285,0.05146993877465553,0.06258456539110124,0.2058797550986221,0.008333333333333335,0.028571428571428574,0,0,0.25,0.25,0,0,2,0.3333333333333333,1
@aviatrixdev-flight-suit-1.1.250,@aviatrixdev/flight-suit,1.1.250,10墩6휑,2,"PE-001,PE-002",0,0,0,0,0,0,0,0,0,0,0,0,0,0,0,0,0,0,0,0,0,0,0,0,0,0,0,0,0,0,0,0,0,0,0,0,0,0,0,0,1,1,0,0,0,0,0,0,0,0,0,0,0,0,0,0,0,0,0,0,4,0.18181818181818182,1,0,0,0,1,0,0,0,4,0.09523809523809523,0.14285714285714285,0.05146993877465553,0.06258456539110124,0.2058797550986221,0.008333333333333335,0.028571428571428574,0,0,0.25,0.25,0,0,2,0.3333333333333333,1
@callcenter-frontend-services-99999.0.0,@callcenter/frontend-services,99999.0.0,9墩29휑,9,"DE-001,DT-001,DT-002,DT-003,IG-001,IG-003,PE-001,PE-002,PE-007",1,0,1,0,0,0,0,0,0,0,0,1,1,1,0,0,0,0,0,0,0,0,0,0,0,0,0,0,0,0,0,0,0,1,0,0,0,0,0,0,1,1,0,0,0,0,1,0,0,0,0,0,0,0,0,0,0,0,0,0,13,0.23214285714285715,4,0.15384615384615385,0.3076923076923077,0.15384615384615385,0.38461538461538464,0,0,0,13,0.03216783216783217,0.05454545454545454,0.018521432871141236,0.0317712860335206,0.24077862732483607,0.0009583009583009582,0.004713804713804714,0,0,0.0769230769230769,0.07692307692307691,0,0,7,0.4,2.499698143184415
@callcenter-frontend-services-999999.0.0,@callcenter/frontend-services,999999.0.0,9墩29휑,9,"DE-001,DT-001,DT-002,DT-003,IG-001,IG-003,PE-001,PE-002,PE-007",1,0,1,0,0,0,0,0,0,0,0,1,1,1,0,0,0,0,0,0,0,0,0,0,0,0,0,0,0,0,0,0,0,1,0,0,0,0,0,0,1,1,0,0,0,0,1,0,0,0,0,0,0,0,0,0,0,0,0,0,13,0.23214285714285715,4,0.15384615384615385,0.3076923076923077,0.15384615384615385,0.38461538461538464,0,0,0,13,0.03216783216783217,0.05454545454545454,0.018521432871141236,0.0317712860335206,0.24077862732483607,0.0009583009583009582,0.004713804713804714,0,0,0.0769230769230769,0.07692307692307691,0,0,7,0.4,2.499698143184415
@erfix-frontend-logge-8.0.0,@erfix/frontend-logge,8.0.0,10墩5휑,2,"PE-001,PE-002",0,0,0,0,0,0,0,0,0,0,0,0,0,0,0,0,0,0,0,0,0,0,0,0,0,0,0,0,0,0,0,0,0,0,0,0,0,0,0,0,1,1,0,0,0,0,0,0,0,0,0,0,0,0,0,0,0,0,0,0,4,0.18181818181818182,1,0,0,0,1,0,0,0,4,0.09523809523809523,0.14285714285714285,0.05146993877465553,0.06258456539110124,0.2058797550986221,0.008333333333333335,0.028571428571428574,0,0,0.25,0.25,0,0,2,0.3333333333333333,1
@erfix-frontend-logger-8.0.0,@erfix/frontend-logger,8.0.0,10墩5휑,2,"PE-001,PE-002",0,0,0,0,0,0,0,0,0,0,0,0,0,0,0,0,0,0,0,0,0,0,0,0,0,0,0,0,0,0,0,0,0,0,0,0,0,0,0,0,1,1,0,0,0,0,0,0,0,0,0,0,0,0,0,0,0,0,0,0,4,0.18181818181818182,1,0,0,0,1,0,0,0,4,0.09523809523809523,0.14285714285714285,0.05146993877465553,0.06258456539110124,0.2058797550986221,0.008333333333333335,0.028571428571428574,0,0,0.25,0.25,0,0,2,0.3333333333333333,1
@evo-tech-backoffice-test-api-0.0.73,@evo/tech-backoffice-test-api,0.0.73,10墩5휑,11,"DE-001,DT-001,DT-002,DT-003,DT-004,DT-010,IG-001,IG-002,IG-003,PE-001,PE-002",1,1,1,0,0,0,0,0,0,0,0,1,1,1,1,0,0,0,0,1,0,0,0,0,0,0,0,0,0,0,0,0,0,1,0,0,0,0,0,0,1,1,0,0,0,0,0,0,0,0,0,0,0,0,0,0,0,0,0,0,21,0.14685314685314685,4,0.38095238095238093,0.3333333333333333,0.19047619047619047,0.09523809523809523,0,2,0.004761904761904762,19,0.011737089201877935,0.028169014084507043,0.0061949621039945535,0.010491900672772116,0.13009420418388562,0.002108632884779124,0.022497752472280495,0.009523809523809525,0.05,0.04761904761904765,0.08151577017806369,0,0,8,0.375,2.6294817080809567
@evo-tech-backoffice-test-api-999.999.999,@evo/tech-backoffice-test-api,999.999.999,10墩5휑,11,"DE-001,DT-001,DT-002,DT-003,DT-004,DT-010,IG-001,IG-002,IG-003,PE-001,PE-002",1,1,1,0,0,0,0,0,0,0,0,1,1,1,1,0,0,0,0,1,0,0,0,0,0,0,0,0,0,0,0,0,0,1,0,0,0,0,0,0,1,1,0,0,0,0,0,0,0,0,0,0,0,0,0,0,0,0,0,0,21,0.14685314685314685,4,0.38095238095238093,0.3333333333333333,0.19047619047619047,0.09523809523809523,0,2,0.004761904761904762,19,0.011737089201877935,0.028169014084507043,0.0061949621039945535,0.010491900672772116,0.13009420418388562,0.002108632884779124,0.022497752472280495,0.009523809523809525,0.05,0.04761904761904765,0.08151577017806369,0,0,8,0.375,2.6294817080809567
@my-pvz-ui-kit-3.2.52,@my/pvz-ui-kit,3.2.52,10墩6휑,11,"DE-001,DE-002,DT-001,DT-002,DT-003,DT-011,IG-001,IG-003,IG-007,PE-001,PE-002",1,0,1,0,0,0,1,0,0,0,0,1,1,1,0,0,0,0,0,0,1,0,0,0,0,0,0,0,0,0,0,0,0,1,1,0,0,0,0,0,1,1,0,0,0,0,0,0,0,0,0,0,0,0,0,0,0,0,0,0,18,0.35294117647058826,4,0.3888888888888889,0.16666666666666666,0.2777777777777778,0.16666666666666666,0,3,0.00980392156862745,15,0.03111111111111112,0.06,0.0203890550230661,0.03653688006038419,0.3670029904151898,0.0011564625850340137,0.00816326530612245,0.0196078431372549,0.1764705882352941,0.05555555555555558,0.0905892674807152,0.0004084967320261438,0.007352941176470588,6,0.6666666666666666,2.377443751081734
@pvz-admin-shared-0.0.8,@pvz/admin-shared,0.0.8,10墩6휑,11,"DE-001,DE-002,DT-001,DT-002,DT-003,DT-011,IG-001,IG-003,IG-007,PE-001,PE-002",1,0,1,0,0,0,1,0,0,0,0,1,1,1,0,0,0,0,0,0,1,0,0,0,0,0,0,0,0,0,0,0,0,1,1,0,0,0,0,0,1,1,0,0,0,0,0,0,0,0,0,0,0,0,0,0,0,0,0,0,18,0.35294117647058826,4,0.3888888888888889,0.16666666666666666,0.2777777777777778,0.16666666666666666,0,3,0.00980392156862745,15,0.03111111111111112,0.06,0.0203890550230661,0.03653688006038419,0.3670029904151898,0.0011564625850340137,0.00816326530612245,0.0196078431372549,0.1764705882352941,0.05555555555555558,0.0905892674807152,0.0004084967320261438,0.007352941176470588,6,0.6666666666666666,2.377443751081734
@rsi-arquitectura-rsi-configuration-module-1.1.2,@rsi/arquitectura-rsi-configuration-module,1.1.2,9墩27휑,2,"PE-001,PE-002",0,0,0,0,0,0,0,0,0,0,0,0,0,0,0,0,0,0,0,0,0,0,0,0,0,0,0,0,0,0,0,0,0,0,0,0,0,0,0,0,1,1,0,0,0,0,0,0,0,0,0,0,0,0,0,0,0,0,0,0,2,0.10526315789473684,1,0,0,0,1,0,0,0,2,0.1111111111111111,0.16666666666666666,0.057768538686087764,0.07023827801813855,0.11553707737217553,0.0196078431372549,0.0392156862745098,0,0,0.5,0.5,0,0,1,0.3333333333333333,0
@singtel-web-widgets-2.39.2,@singtel/web-widgets,2.39.2,9墩30휑,2,"PE-001,PE-002",0,0,0,0,0,0,0,0,0,0,0,0,0,0,0,0,0,0,0,0,0,0,0,0,0,0,0,0,0,0,0,0,0,0,0,0,0,0,0,0,1,1,0,0,0,0,0,0,0,0,0,0,0,0,0,0,0,0,0,0,2,0.2222222222222222,1,0,0,0,1,0,0,0,2,0.25,0.375,0.12371596257851603,0.15048089400853562,0.24743192515703205,0.017857142857142856,0.03571428571428571,0,0,0.5,0.5,0,0,2,0.3333333333333333,1
@singtel-web-widgets-2.39.3,@singtel/web-widgets,2.39.3,9墩30휑,5,"DE-001,DT-014,PE-001,PE-002,PE-010",0,0,0,0,0,0,0,0,0,0,0,0,0,0,0,0,0,0,0,0,0,0,0,0,0,1,0,0,0,0,0,0,0,1,0,0,0,0,0,0,1,1,0,0,0,0,0,0,0,1,0,0,0,0,0,0,0,0,0,0,13,0.09420289855072464,3,0,0.07692307692307693,0.07692307692307693,0.8461538461538461,0,0,0,13,0.014037057832678269,0.021897810218978103,0.005282885087501396,0.00911816667995722,0.06867750613751815,0.00025068533870594844,0.0011109918419922712,0,0,0.0769230769230769,0.07692307692307691,0,0,4,0.3333333333333333,1.352030101757953
@testcarrot-supply-1.0.0,@testcarrot/supply,1.0.0,9墩29휑,6,"DT-001,DT-002,DT-011,IG-001,PE-001,PE-002",1,0,0,0,0,0,0,0,0,0,0,1,1,0,0,0,0,0,0,0,1,0,0,0,0,0,0,0,0,0,0,0,0,0,0,0,0,0,0,0,1,1,0,0,0,0,0,0,0,0,0,0,0,0,0,0,0,0,0,0,5,0.1282051282051282,3,0.2,0.4,0,0.4,0,0,0,5,0.047368421052631574,0.07894736842105263,0.027617277386953448,0.03569764784171977,0.13808638693476724,0.0011379800853485065,0.004267425320056899,0,0,0.2,0.2,0,0,3,0.3333333333333333,1.5219280948873621
@testcarrot-supply-1.0.1,@testcarrot/supply,1.0.1,9墩29휑,9,"DE-001,DT-001,DT-002,DT-003,DT-011,IG-001,IG-003,PE-001,PE-002",1,0,1,0,0,0,0,0,0,0,0,1,1,1,0,0,0,0,0,0,1,0,0,0,0,0,0,0,0,0,0,0,0,1,0,0,0,0,0,0,1,1,0,0,0,0,0,0,0,0,0,0,0,0,0,0,0,0,0,0,14,0.22950819672131148,4,0.42857142857142855,0.21428571428571427,0.21428571428571427,0.14285714285714285,0,0,0,14,0.02857142857142857,0.06666666666666667,0.015393613927065381,0.02419466994933638,0.21551059497891534,0.00040355125100887816,0.0025423728813559325,0,0,0.0714285714285714,0.0714285714285714,0,0,8,0.5,2.556656707462823
@testcarrot-supply1-1.0.1,@testcarrot/supply1,1.0.1,9墩29휑,9,"DE-001,DT-001,DT-002,DT-003,DT-011,IG-001,IG-003,PE-001,PE-002",1,0,1,0,0,0,0,0,0,0,0,1,1,1,0,0,0,0,0,0,1,0,0,0,0,0,0,0,0,0,0,0,0,1,0,0,0,0,0,0,1,1,0,0,0,0,0,0,0,0,0,0,0,0,0,0,0,0,0,0,14,0.22950819672131148,4,0.42857142857142855,0.21428571428571427,0.21428571428571427,0.14285714285714285,0,0,0,14,0.02857142857142857,0.06666666666666667,0.015393613927065381,0.02419466994933638,0.21551059497891534,0.00040355125100887816,0.0025423728813559325,0,0,0.0714285714285714,0.0714285714285714,0,0,8,0.5,2.556656707462823
@testcarrot-supply10-1.0.1,@testcarrot/supply10,1.0.1,9墩30휑,7,"DT-001,DT-003,DT-011,IG-001,PE-001,PE-002,SP-003",1,0,0,0,0,0,0,0,0,0,0,1,0,1,0,0,0,0,0,0,1,0,0,0,0,0,0,0,0,0,0,0,0,0,0,0,0,0,0,0,1,1,0,0,0,0,0,0,0,0,0,0,0,0,0,0,0,0,1,0,13,0.13541666666666666,4,0.07692307692307693,0.38461538461538464,0,0.38461538461538464,0.15384615384615385,0,0,13,0.02105263157894737,0.042105263157894736,0.01021218859514799,0.013989876094789886,0.13275845173692388,0.0033336204668791463,0.012094064949608066,0,0,0.0769230769230769,0.07692307692307691,0,0,9,0.3333333333333333,3.0269868333592873
@testcarrot-supply2-1.0.1,@testcarrot/supply2,1.0.1,9墩29휑,7,"DT-001,DT-003,DT-011,IG-001,PE-001,PE-002,SP-003",1,0,0,0,0,0,0,0,0,0,0,1,0,1,0,0,0,0,0,0,1,0,0,0,0,0,0,0,0,0,0,0,0,0,0,0,0,0,0,0,1,1,0,0,0,0,0,0,0,0,0,0,0,0,0,0,0,0,1,0,13,0.13541666666666666,4,0.07692307692307693,0.38461538461538464,0,0.38461538461538464,0.15384615384615385,0,0,13,0.02105263157894737,0.042105263157894736,0.010212188595147994,0.013989876094789886,0.1327584517369239,0.0033336204668791463,0.012094064949608066,0,0,0.0769230769230769,0.07692307692307691,0,0,9,0.3333333333333333,3.0269868333592873
@testcarrot-supply3-1.0.1,@testcarrot/supply3,1.0.1,9墩29휑,7,"DT-001,DT-003,DT-011,IG-001,PE-001,PE-002,SP-003",1,0,0,0,0,0,0,0,0,0,0,1,0,1,0,0,0,0,0,0,1,0,0,0,0,0,0,0,0,0,0,0,0,0,0,0,0,0,0,0,1,1,0,0,0,0,0,0,0,0,0,0,0,0,0,0,0,0,1,0,13,0.13541666666666666,4,0.07692307692307693,0.38461538461538464,0,0.38461538461538464,0.15384615384615385,0,0,13,0.02105263157894737,0.042105263157894736,0.010212188595147994,0.013989876094789886,0.1327584517369239,0.0033336204668791463,0.012094064949608066,0,0,0.0769230769230769,0.07692307692307691,0,0,9,0.3333333333333333,3.0269868333592873
@testcarrot-supply4-1.0.1,@testcarrot/supply4,1.0.1,9墩29휑,12,"DE-001,DE-002,DT-001,DT-002,DT-003,DT-010,IG-001,IG-003,PE-001,PE-002,PE-003,PE-007",1,0,1,0,0,0,0,0,0,0,0,1,1,1,0,0,0,0,0,1,0,0,0,0,0,0,0,0,0,0,0,0,0,1,1,0,0,0,0,0,1,1,1,0,0,0,1,0,0,0,0,0,0,0,0,0,0,0,0,0,57,0.2446351931330472,4,0.10526315789473684,0.05263157894736842,0.7368421052631579,0.10526315789473684,0,27,0.008458646616541353,30,0.007940108892921956,0.017241379310344827,0.004308391715074537,0.00896225689640221,0.2455783277592486,0.00034857585447422115,0.0027390282131661446,0.016917293233082713,0.05357142857142857,0.017543859649122816,0.03231183891507623,0.0007177033492822968,0.006818181818181818,12,0.8,2.955796207225985
@testcarrot-supply6-1.0.1,@testcarrot/supply6,1.0.1,9墩30휑,2,"PE-001,PE-002",0,0,0,0,0,0,0,0,0,0,0,0,0,0,0,0,0,0,0,0,0,0,0,0,0,0,0,0,0,0,0,0,0,0,0,0,0,0,0,0,1,1,0,0,0,0,0,0,0,0,0,0,0,0,0,0,0,0,0,0,2,0.3333333333333333,1,0,0,0,1,0,0,0,2,0.4,0.6000000000000001,0.19609478923940765,0.23851373452227542,0.3921895784788153,0.05000000000000001,0.10000000000000002,0,0,0.5,0.5,0,0,2,0.3333333333333333,1
@testcarrot-supply7-1.0.2,@testcarrot/supply7,1.0.2,9墩30휑,9,"DE-001,DE-002,DT-001,DT-002,DT-003,IG-001,IG-003,PE-001,PE-002",1,0,1,0,0,0,0,0,0,0,0,1,1,1,0,0,0,0,0,0,0,0,0,0,0,0,0,0,0,0,0,0,0,1,1,0,0,0,0,0,1,1,0,0,0,0,0,0,0,0,0,0,0,0,0,0,0,0,0,0,14,0.16091954022988506,4,0.35714285714285715,0.2857142857142857,0.14285714285714285,0.21428571428571427,0,1,0.005494505494505495,13,0.01993355481727575,0.046511627906976744,0.010167807784485035,0.014275249449826222,0.1423493089827905,0.008217705686925933,0.07756497948016416,0.01098901098901099,0.07692307692307693,0.07142857142857142,0.12459102001770093,0,0,5,0.38461538461538464,2.209888638014727
@testcarrot-supply8-1.0.2,@testcarrot/supply8,1.0.2,9墩30휑,9,"DE-001,DE-002,DT-001,DT-002,DT-003,IG-001,IG-003,PE-001,PE-002",1,0,1,0,0,0,0,0,0,0,0,1,1,1,0,0,0,0,0,0,0,0,0,0,0,0,0,0,0,0,0,0,0,1,1,0,0,0,0,0,1,1,0,0,0,0,0,0,0,0,0,0,0,0,0,0,0,0,0,0,12,0.11320754716981132,4,0.4166666666666667,0.25,0.16666666666666666,0.16666666666666666,0,1,0.007575757575757576,11,0.015873015873015872,0.0380952380952381,0.008626829615553047,0.011905167664834421,0.10352195538663655,0.0024590964590964592,0.02446153846153846,0.015151515151515152,0.09090909090909091,0.08333333333333333,0.143990421248071,0,0,4,0.5,1.9182958340544893
@testcarrot-supply9-1.0.2,@testcarrot/supply9,1.0.2,9墩30휑,2,"PE-001,PE-002",0,0,0,0,0,0,0,0,0,0,0,0,0,0,0,0,0,0,0,0,0,0,0,0,0,0,0,0,0,0,0,0,0,0,0,0,0,0,0,0,1,1,0,0,0,0,0,0,0,0,0,0,0,0,0,0,0,0,0,0,2,0.3333333333333333,1,0,0,0,1,0,0,0,2,0.4,0.6000000000000001,0.19609478923940765,0.23851373452227542,0.3921895784788153,0.05000000000000001,0.10000000000000002,0,0,0.5,0.5,0,0,2,0.3333333333333333,1
@testerconfusion-malicious-poc-1.0.2,@testerconfusion/malicious-poc,1.0.2,9墩30휑,2,"PE-001,PE-002",0,0,0,0,0,0,0,0,0,0,0,0,0,0,0,0,0,0,0,0,0,0,0,0,0,0,0,0,0,0,0,0,0,0,0,0,0,0,0,0,1,1,0,0,0,0,0,0,0,0,0,0,0,0,0,0,0,0,0,0,5,0.11627906976744186,1,0,0,0,1,0,0,0,5,0.052380952380952375,0.07142857142857142,0.02458371854502278,0.03236307327795079,0.1229185927251139,0.004645760743321719,0.013937282229965157,0,0,0.2,0.2,0,0,3,0.3333333333333333,1.5219280948873621
@wec-core-ab-testing-1.5.1,@wec/core-ab-testing,1.5.1,9墩30휑,2,"PE-001,PE-002",0,0,0,0,0,0,0,0,0,0,0,0,0,0,0,0,0,0,0,0,0,0,0,0,0,0,0,0,0,0,0,0,0,0,0,0,0,0,0,0,1,1,0,0,0,0,0,0,0,0,0,0,0,0,0,0,0,0,0,0,2,0.2222222222222222,1,0,0,0,1,0,0,0,2,0.25,0.375,0.12371596257851603,0.15048089400853562,0.24743192515703205,0.017857142857142856,0.03571428571428571,0,0,0.5,0.5,0,0,2,0.3333333333333333,1
@wec-core-ab-testing-1.5.2,@wec/core-ab-testing,1.5.2,9墩30휑,5,"DE-001,DT-014,PE-001,PE-002,PE-010",0,0,0,0,0,0,0,0,0,0,0,0,0,0,0,0,0,0,0,0,0,0,0,0,0,1,0,0,0,0,0,0,0,1,0,0,0,0,0,0,1,1,0,0,0,0,0,0,0,1,0,0,0,0,0,0,0,0,0,0,13,0.09420289855072464,3,0,0.07692307692307693,0.07692307692307693,0.8461538461538461,0,0,0,13,0.014037057832678269,0.021897810218978103,0.005282885087501396,0.00911816667995722,0.06867750613751815,0.00025068533870594844,0.0011109918419922712,0,0,0.0769230769230769,0.07692307692307691,0,0,4,0.3333333333333333,1.352030101757953
@wec-core-fingerprintjs-0.2.3,@wec/core-fingerprintjs,0.2.3,9墩30휑,2,"PE-001,PE-002",0,0,0,0,0,0,0,0,0,0,0,0,0,0,0,0,0,0,0,0,0,0,0,0,0,0,0,0,0,0,0,0,0,0,0,0,0,0,0,0,1,1,0,0,0,0,0,0,0,0,0,0,0,0,0,0,0,0,0,0,2,0.2222222222222222,1,0,0,0,1,0,0,0,2,0.25,0.375,0.12371596257851603,0.15048089400853562,0.24743192515703205,0.017857142857142856,0.03571428571428571,0,0,0.5,0.5,0,0,2,0.3333333333333333,1
@wec-core-fingerprintjs-0.2.4,@wec/core-fingerprintjs,0.2.4,9墩30휑,5,"DE-001,DT-014,PE-001,PE-002,PE-010",0,0,0,0,0,0,0,0,0,0,0,0,0,0,0,0,0,0,0,0,0,0,0,0,0,1,0,0,0,0,0,0,0,1,0,0,0,0,0,0,1,1,0,0,0,0,0,0,0,1,0,0,0,0,0,0,0,0,0,0,13,0.09420289855072464,3,0,0.07692307692307693,0.07692307692307693,0.8461538461538461,0,0,0,13,0.014037057832678269,0.021897810218978103,0.005282885087501396,0.00911816667995722,0.06867750613751815,0.00025068533870594844,0.0011109918419922712,0,0,0.0769230769230769,0.07692307692307691,0,0,4,0.3333333333333333,1.352030101757953
@wec-core-fingerprintjs-0.2.5,@wec/core-fingerprintjs,0.2.5,9墩30휑,5,"DE-001,DT-014,PE-001,PE-002,PE-010",0,0,0,0,0,0,0,0,0,0,0,0,0,0,0,0,0,0,0,0,0,0,0,0,0,1,0,0,0,0,0,0,0,1,0,0,0,0,0,0,1,1,0,0,0,0,0,0,0,1,0,0,0,0,0,0,0,0,0,0,14,0.08092485549132948,3,0,0.07142857142857142,0.14285714285714285,0.7857142857142857,0,0,0,14,0.011212624584717607,0.01744186046511628,0.004293142091192685,0.0074958821343980835,0.06010398927669759,0.0002184725379339822,0.0007646538827689378,0,0,0.0714285714285714,0.0714285714285714,0,0,5,0.3333333333333333,1.6266888497018317
@wec-core-form-engine-2.5.2,@wec/core-form-engine,2.5.2,9墩30휑,5,"DE-001,DT-014,PE-001,PE-002,PE-010",0,0,0,0,0,0,0,0,0,0,0,0,0,0,0,0,0,0,0,0,0,0,0,0,0,1,0,0,0,0,0,0,0,1,0,0,0,0,0,0,1,1,0,0,0,0,0,0,0,1,0,0,0,0,0,0,0,0,0,0,13,0.09420289855072464,3,0,0.07692307692307693,0.07692307692307693,0.8461538461538461,0,0,0,13,0.014037057832678269,0.021897810218978103,0.005282885087501396,0.00911816667995722,0.06867750613751815,0.00025068533870594844,0.0011109918419922712,0,0,0.0769230769230769,0.07692307692307691,0,0,4,0.3333333333333333,1.352030101757953
@wec-core-form-engine-2.5.3,@wec/core-form-engine,2.5.3,9墩30휑,5,"DE-001,DT-014,PE-001,PE-002,PE-010",0,0,0,0,0,0,0,0,0,0,0,0,0,0,0,0,0,0,0,0,0,0,0,0,0,1,0,0,0,0,0,0,0,1,0,0,0,0,0,0,1,1,0,0,0,0,0,0,0,1,0,0,0,0,0,0,0,0,0,0,14,0.08092485549132948,3,0,0.07142857142857142,0.14285714285714285,0.7857142857142857,0,0,0,14,0.011212624584717607,0.01744186046511628,0.004293142091192685,0.0074958821343980835,0.06010398927669759,0.0002184725379339822,0.0007646538827689378,0,0,0.0714285714285714,0.0714285714285714,0,0,5,0.3333333333333333,1.6266888497018317
@wec-core-helpers-1.11.4,@wec/core-helpers,1.11.4,9墩30휑,5,"DE-001,DT-014,PE-001,PE-002,PE-010",0,0,0,0,0,0,0,0,0,0,0,0,0,0,0,0,0,0,0,0,0,0,0,0,0,1,0,0,0,0,0,0,0,1,0,0,0,0,0,0,1,1,0,0,0,0,0,0,0,1,0,0,0,0,0,0,0,0,0,0,13,0.09420289855072464,3,0,0.07692307692307693,0.07692307692307693,0.8461538461538461,0,0,0,13,0.014037057832678269,0.021897810218978103,0.005282885087501396,0.00911816667995722,0.06867750613751815,0.00025068533870594844,0.0011109918419922712,0,0,0.0769230769230769,0.07692307692307691,0,0,4,0.3333333333333333,1.352030101757953
@wec-core-helpers-1.11.5,@wec/core-helpers,1.11.5,9墩30휑,5,"DE-001,DT-014,PE-001,PE-002,PE-010",0,0,0,0,0,0,0,0,0,0,0,0,0,0,0,0,0,0,0,0,0,0,0,0,0,1,0,0,0,0,0,0,0,1,0,0,0,0,0,0,1,1,0,0,0,0,0,0,0,1,0,0,0,0,0,0,0,0,0,0,14,0.08092485549132948,3,0,0.07142857142857142,0.14285714285714285,0.7857142857142857,0,0,0,14,0.011212624584717607,0.01744186046511628,0.004293142091192685,0.0074958821343980835,0.06010398927669759,0.0002184725379339822,0.0007646538827689378,0,0,0.0714285714285714,0.0714285714285714,0,0,5,0.3333333333333333,1.6266888497018317
@wec-core-interceptor-1.0.8,@wec/core-interceptor,1.0.8,9墩30휑,5,"DE-001,DT-014,PE-001,PE-002,PE-010",0,0,0,0,0,0,0,0,0,0,0,0,0,0,0,0,0,0,0,0,0,0,0,0,0,1,0,0,0,0,0,0,0,1,0,0,0,0,0,0,1,1,0,0,0,0,0,0,0,1,0,0,0,0,0,0,0,0,0,0,13,0.09420289855072464,3,0,0.07692307692307693,0.07692307692307693,0.8461538461538461,0,0,0,13,0.014037057832678269,0.021897810218978103,0.005282885087501396,0.00911816667995722,0.06867750613751815,0.00025068533870594844,0.0011109918419922712,0,0,0.0769230769230769,0.07692307692307691,0,0,4,0.3333333333333333,1.352030101757953
@wec-core-interceptor-1.0.9,@wec/core-interceptor,1.0.9,9墩30휑,5,"DE-001,DT-014,PE-001,PE-002,PE-010",0,0,0,0,0,0,0,0,0,0,0,0,0,0,0,0,0,0,0,0,0,0,0,0,0,1,0,0,0,0,0,0,0,1,0,0,0,0,0,0,1,1,0,0,0,0,0,0,0,1,0,0,0,0,0,0,0,0,0,0,14,0.08092485549132948,3,0,0.07142857142857142,0.14285714285714285,0.7857142857142857,0,0,0,14,0.011212624584717607,0.01744186046511628,0.004293142091192685,0.0074958821343980835,0.06010398927669759,0.0002184725379339822,0.0007646538827689378,0,0,0.0714285714285714,0.0714285714285714,0,0,5,0.3333333333333333,1.6266888497018317
add-to-cart-web-99.0.0,add-to-cart-web,99.0.0,10墩1휑,7,"DE-001,DE-003,DE-007,DT-004,DT-009,PE-001,PE-002",0,0,0,0,0,0,0,0,0,0,0,0,0,0,1,0,0,0,1,0,0,0,0,0,0,0,0,0,0,0,0,0,0,1,0,1,0,0,0,1,1,1,0,0,0,0,0,0,0,0,0,0,0,0,0,0,0,0,0,0,117,0.45348837209302323,3,0,0.008547008547008548,0.9743589743589743,0.017094017094017096,0,41,0.0030209254347185383,76,0.007715587482124429,0.019455252918287938,0.0036167405321468195,0.006383146309101338,0.4231586422611779,3.2175995211014675e-05,0.0003529304474708171,0.006041850869437072,0.02586206896551724,0.008547008547008543,0.017498761045618517,2.562821153525801e-06,7.496251874062968e-05,19,0.6521739130434783,3.7159816474455374
ads-dsp-lite-components-99.0.0,ads-dsp-lite-components,99.0.0,10墩1휑,7,"DE-001,DE-003,DE-007,DT-004,DT-009,PE-001,PE-002",0,0,0,0,0,0,0,0,0,0,0,0,0,0,1,0,0,0,1,0,0,0,0,0,0,0,0,0,0,0,0,0,0,1,0,1,0,0,0,1,1,1,0,0,0,0,0,0,0,0,0,0,0,0,0,0,0,0,0,0,117,0.45348837209302323,3,0,0.008547008547008548,0.9743589743589743,0.017094017094017096,0,41,0.0030209254347185383,76,0.007715587482124429,0.019455252918287938,0.0036167405321468195,0.006383146309101338,0.4231586422611779,3.2175995211014675e-05,0.0003529304474708171,0.006041850869437072,0.02586206896551724,0.008547008547008543,0.017498761045618517,2.562821153525801e-06,7.496251874062968e-05,19,0.6521739130434783,3.7159816474455374
advertising-banners-frontend-99.0.0,advertising-banners-frontend,99.0.0,10墩1휑,7,"DE-001,DE-003,DE-007,DT-004,DT-009,PE-001,PE-002",0,0,0,0,0,0,0,0,0,0,0,0,0,0,1,0,0,0,1,0,0,0,0,0,0,0,0,0,0,0,0,0,0,1,0,1,0,0,0,1,1,1,0,0,0,0,0,0,0,0,0,0,0,0,0,0,0,0,0,0,117,0.45348837209302323,3,0,0.008547008547008548,0.9743589743589743,0.017094017094017096,0,41,0.0030209254347185383,76,0.007715587482124429,0.019455252918287938,0.0036167405321468195,0.006383146309101338,0.4231586422611779,3.2175995211014675e-05,0.0003529304474708171,0.006041850869437072,0.02586206896551724,0.008547008547008543,0.017498761045618517,2.562821153525801e-06,7.496251874062968e-05,19,0.6521739130434783,3.7159816474455374
advertising-breadcrumb-99.0.0,advertising-breadcrumb,99.0.0,10墩1휑,7,"DE-001,DE-003,DE-007,DT-004,DT-009,PE-001,PE-002",0,0,0,0,0,0,0,0,0,0,0,0,0,0,1,0,0,0,1,0,0,0,0,0,0,0,0,0,0,0,0,0,0,1,0,1,0,0,0,1,1,1,0,0,0,0,0,0,0,0,0,0,0,0,0,0,0,0,0,0,117,0.45348837209302323,3,0,0.008547008547008548,0.9743589743589743,0.017094017094017096,0,41,0.0030209254347185383,76,0.007715587482124429,0.019455252918287938,0.0036167405321468195,0.006383146309101338,0.4231586422611779,3.2175995211014675e-05,0.0003529304474708171,0.006041850869437072,0.02586206896551724,0.008547008547008543,0.017498761045618517,2.562821153525801e-06,7.496251874062968e-05,19,0.6521739130434783,3.7159816474455374
airbyte-webapp-8.6.13,airbyte-webapp,8.6.13,9墩28휑,8,"DE-001,DT-001,DT-002,DT-010,IG-001,IG-003,PE-001,PE-002",1,0,1,0,0,0,0,0,0,0,0,1,1,0,0,0,0,0,0,1,0,0,0,0,0,0,0,0,0,0,0,0,0,1,0,0,0,0,0,0,1,1,0,0,0,0,0,0,0,0,0,0,0,0,0,0,0,0,0,0,13,0.20967741935483872,4,0.46153846153846156,0.15384615384615385,0.15384615384615385,0.23076923076923078,0,0,0,13,0.023959646910466585,0.04918032786885246,0.01415738697996383,0.02170263581428716,0.1840460307395298,0.00042034468263976455,0.001912568306010929,0,0,0.0769230769230769,0.07692307692307691,0,0,5,0.5714285714285714,1.7004397181410922
ancestry-axios-24.0.0,ancestry-axios,24.0.0,10墩1휑,13,"DE-001,DE-002,DT-001,DT-002,DT-003,DT-010,DT-011,IG-001,IG-002,IG-003,IG-004,PE-001,PE-002",1,1,1,1,0,0,0,0,0,0,0,1,1,1,0,0,0,0,0,1,1,0,0,0,0,0,0,0,0,0,0,0,0,1,1,0,0,0,0,0,1,1,0,0,0,0,0,0,0,0,0,0,0,0,0,0,0,0,0,0,23,0.107981220657277,4,0.34782608695652173,0.2608695652173913,0.30434782608695654,0.08695652173913043,0,5,0.009881422924901186,18,0.008203445447087777,0.018867924528301886,0.003958604314342974,0.0054157005958607295,0.09104789922988839,0.00044511467328126167,0.0038093534829652153,0.019762845849802372,0.13636363636363635,0.04347826086956521,0.08946565805395068,0.00047054394880481843,0.006493506493506494,7,0.5,2.4962058480965488
ancestry-axios-25.0.0,ancestry-axios,25.0.0,10墩1휑,2,"PE-001,PE-002",0,0,0,0,0,0,0,0,0,0,0,0,0,0,0,0,0,0,0,0,0,0,0,0,0,0,0,0,0,0,0,0,0,0,0,0,0,0,0,0,1,1,0,0,0,0,0,0,0,0,0,0,0,0,0,0,0,0,0,0,4,0.2,1,0,0,0,1,0,0,0,4,0.07894736842105263,0.15789473684210525,0.055101014738703775,0.06525112311752626,0.2204040589548151,0.0014619883040935672,0.005847953216374269,0,0,0.25,0.25,0,0,3,0.3333333333333333,1.5
ancestry-header-footer-proxy-20.0.0,ancestry-header-footer-proxy,20.0.0,10墩1휑,13,"DE-001,DE-002,DT-001,DT-002,DT-003,DT-010,DT-011,IG-001,IG-002,IG-003,IG-004,PE-001,PE-002",1,1,1,1,0,0,0,0,0,0,0,1,1,1,0,0,0,0,0,1,1,0,0,0,0,0,0,0,0,0,0,0,0,1,1,0,0,0,0,0,1,1,0,0,0,0,0,0,0,0,0,0,0,0,0,0,0,0,0,0,23,0.107981220657277,4,0.34782608695652173,0.2608695652173913,0.30434782608695654,0.08695652173913043,0,5,0.009881422924901186,18,0.008203445447087777,0.018867924528301886,0.003958604314342974,0.0054157005958607295,0.09104789922988839,0.00044511467328126167,0.0038093534829652153,0.019762845849802372,0.13636363636363635,0.04347826086956521,0.08946565805395068,0.00047054394880481843,0.006493506493506494,7,0.5,2.4962058480965488
andes-react-floater-99.0.0,andes-react-floater,99.0.0,10墩2휑,7,"DE-001,DE-003,DE-007,DT-004,DT-009,PE-001,PE-002",0,0,0,0,0,0,0,0,0,0,0,0,0,0,1,0,0,0,1,0,0,0,0,0,0,0,0,0,0,0,0,0,0,1,0,1,0,0,0,1,1,1,0,0,0,0,0,0,0,0,0,0,0,0,0,0,0,0,0,0,117,0.45348837209302323,3,0,0.008547008547008548,0.9743589743589743,0.017094017094017096,0,41,0.0030209254347185383,76,0.007715587482124433,0.019455252918287938,0.0036167405321468177,0.006383146309101338,0.42315864226117766,3.217599521101467e-05,0.0003529304474708171,0.006041850869437072,0.02586206896551724,0.00854700854700854,0.01749876104561851,2.562821153525801e-06,7.496251874062968e-05,19,0.6521739130434783,3.7159816474455374
buyingflow-core-nav-web-99.0.0,buyingflow-core-nav-web,99.0.0,10墩2휑,7,"DE-001,DE-003,DE-007,DT-004,DT-009,PE-001,PE-002",0,0,0,0,0,0,0,0,0,0,0,0,0,0,1,0,0,0,1,0,0,0,0,0,0,0,0,0,0,0,0,0,0,1,0,1,0,0,0,1,1,1,0,0,0,0,0,0,0,0,0,0,0,0,0,0,0,0,0,0,117,0.45348837209302323,3,0,0.008547008547008548,0.9743589743589743,0.017094017094017096,0,41,0.0030209254347185383,76,0.007715587482124433,0.019455252918287938,0.0036167405321468177,0.006383146309101338,0.42315864226117766,3.217599521101467e-05,0.0003529304474708171,0.006041850869437072,0.02586206896551724,0.00854700854700854,0.01749876104561851,2.562821153525801e-06,7.496251874062968e-05,19,0.6521739130434783,3.7159816474455374
cbt-gs-switcher-library-99.0.0,cbt-gs-switcher-library,99.0.0,10墩2휑,7,"DE-001,DE-003,DE-007,DT-004,DT-009,PE-001,PE-002",0,0,0,0,0,0,0,0,0,0,0,0,0,0,1,0,0,0,1,0,0,0,0,0,0,0,0,0,0,0,0,0,0,1,0,1,0,0,0,1,1,1,0,0,0,0,0,0,0,0,0,0,0,0,0,0,0,0,0,0,117,0.45348837209302323,3,0,0.008547008547008548,0.9743589743589743,0.017094017094017096,0,41,0.0030209254347185383,76,0.007715587482124433,0.019455252918287938,0.0036167405321468177,0.006383146309101338,0.42315864226117766,3.217599521101467e-05,0.0003529304474708171,0.006041850869437072,0.02586206896551724,0.00854700854700854,0.01749876104561851,2.562821153525801e-06,7.496251874062968e-05,19,0.6521739130434783,3.7159816474455374
codat-snippets-2.0.2,codat-snippets,2.0.2,10墩1휑,5,"DT-004,PE-001,PE-002,PE-004,PE-008",0,0,0,0,0,0,0,0,0,0,0,0,0,0,1,0,0,0,0,0,0,0,0,0,0,0,0,0,0,0,0,0,0,0,0,0,0,0,0,0,1,1,0,1,0,0,0,1,0,0,0,0,0,0,0,0,0,0,0,0,4,0.6666666666666666,2,0,0.25,0,0.75,0,2,0.16666666666666666,2,0.30000000000000004,0.6000000000000001,0.18462843363056877,0.23851373452227542,0.7385137345222751,0.025000000000000005,0.10000000000000002,0.3333333333333333,0.6666666666666666,0.25,0.29381039866542813,0,0,2,1,0.8112781244591328
create-fleetbo-project-1.0.5,create-fleetbo-project,1.0.5,10墩6휑,9,"DE-001,DE-002,DT-001,DT-003,DT-010,DT-017,IG-001,PE-001,PE-007",1,0,0,0,0,0,0,0,0,0,0,1,0,1,0,0,0,0,0,1,0,0,0,0,0,0,0,1,0,0,0,0,0,1,1,0,0,0,0,0,1,0,0,0,0,0,1,0,0,0,0,0,0,0,0,0,0,0,0,0,17,0.09826589595375723,4,0.11764705882352941,0.4117647058823529,0.29411764705882354,0.17647058823529413,0,0,0,17,0.011969904240766074,0.023255813953488372,0.0050302219182839026,0.006830816864516643,0.08551377261082635,0.0007750337997296023,0.004705562355501156,0,0,0.058823529411764705,0.058823529411764705,0,0,8,0.4,2.816307519224645
create-fleetbo-project-1.0.6,create-fleetbo-project,1.0.6,10墩6휑,9,"DE-001,DE-002,DT-001,DT-003,DT-010,DT-017,IG-001,PE-001,PE-007",1,0,0,0,0,0,0,0,0,0,0,1,0,1,0,0,0,0,0,1,0,0,0,0,0,0,0,1,0,0,0,0,0,1,1,0,0,0,0,0,1,0,0,0,0,0,1,0,0,0,0,0,0,0,0,0,0,0,0,0,20,0.07407407407407407,4,0.1,0.35,0.4,0.15,0,0,0,20,0.007063197026022304,0.01486988847583643,0.0031038097930072934,0.0043107023715807935,0.06207619586014587,0.0005823808466958886,0.0037452144482050713,0,0,0.050000000000000024,0.05000000000000001,0,0,9,0.4,2.9414460711655215
create-fleetbo-project-1.0.7,create-fleetbo-project,1.0.7,10墩6휑,9,"DE-001,DE-002,DT-001,DT-003,DT-010,DT-017,IG-001,PE-001,PE-007",1,0,0,0,0,0,0,0,0,0,0,1,0,1,0,0,0,0,0,1,0,0,0,0,0,0,0,1,0,0,0,0,0,1,1,0,0,0,0,0,1,0,0,0,0,0,1,0,0,0,0,0,0,0,0,0,0,0,0,0,20,0.07407407407407407,4,0.1,0.35,0.4,0.15,0,0,0,20,0.007063197026022304,0.01486988847583643,0.0031038097930072934,0.0043107023715807935,0.06207619586014587,0.0005823808466958886,0.0037452144482050713,0,0,0.050000000000000024,0.05000000000000001,0,0,9,0.4,2.9414460711655215
create-fleetbo-project-1.0.8,create-fleetbo-project,1.0.8,10墩6휑,9,"DE-001,DE-002,DT-001,DT-003,DT-010,DT-017,IG-001,PE-001,PE-007",1,0,0,0,0,0,0,0,0,0,0,1,0,1,0,0,0,0,0,1,0,0,0,0,0,0,0,1,0,0,0,0,0,1,1,0,0,0,0,0,1,0,0,0,0,0,1,0,0,0,0,0,0,0,0,0,0,0,0,0,17,0.09826589595375723,4,0.11764705882352941,0.4117647058823529,0.29411764705882354,0.17647058823529413,0,0,0,17,0.011969904240766074,0.023255813953488372,0.0050302219182839026,0.006830816864516643,0.08551377261082635,0.0007750337997296023,0.004705562355501156,0,0,0.058823529411764705,0.058823529411764705,0,0,8,0.4,2.816307519224645
cx-contact-hub-lib-99.0.0,cx-contact-hub-lib,99.0.0,10墩2휑,7,"DE-001,DE-003,DE-007,DT-004,DT-009,PE-001,PE-002",0,0,0,0,0,0,0,0,0,0,0,0,0,0,1,0,0,0,1,0,0,0,0,0,0,0,0,0,0,0,0,0,0,1,0,1,0,0,0,1,1,1,0,0,0,0,0,0,0,0,0,0,0,0,0,0,0,0,0,0,117,0.45348837209302323,3,0,0.008547008547008548,0.9743589743589743,0.017094017094017096,0,41,0.0030209254347185383,76,0.007715587482124433,0.019455252918287938,0.0036167405321468177,0.006383146309101338,0.42315864226117766,3.217599521101467e-05,0.0003529304474708171,0.006041850869437072,0.02586206896551724,0.00854700854700854,0.01749876104561851,2.562821153525801e-06,7.496251874062968e-05,19,0.6521739130434783,3.7159816474455374
cx-hub-interaction-ui-lib-99.0.0,cx-hub-interaction-ui-lib,99.0.0,10墩2휑,7,"DE-001,DE-003,DE-007,DT-004,DT-009,PE-001,PE-002",0,0,0,0,0,0,0,0,0,0,0,0,0,0,1,0,0,0,1,0,0,0,0,0,0,0,0,0,0,0,0,0,0,1,0,1,0,0,0,1,1,1,0,0,0,0,0,0,0,0,0,0,0,0,0,0,0,0,0,0,117,0.45348837209302323,3,0,0.008547008547008548,0.9743589743589743,0.017094017094017096,0,41,0.0030209254347185383,76,0.007715587482124433,0.019455252918287938,0.0036167405321468177,0.006383146309101338,0.42315864226117766,3.217599521101467e-05,0.0003529304474708171,0.006041850869437072,0.02586206896551724,0.00854700854700854,0.01749876104561851,2.562821153525801e-06,7.496251874062968e-05,19,0.6521739130434783,3.7159816474455374
dify-web-2.0.0,dify-web,2.0.0,10墩4휑,11,"DE-001,DT-001,DT-002,DT-003,DT-010,IG-001,IG-002,IG-003,IG-004,PE-001,PE-002",1,1,1,1,0,0,0,0,0,0,0,1,1,1,0,0,0,0,0,1,0,0,0,0,0,0,0,0,0,0,0,0,0,1,0,0,0,0,0,0,1,1,0,0,0,0,0,0,0,0,0,0,0,0,0,0,0,0,0,0,13,0.28888888888888886,4,0.46153846153846156,0.3076923076923077,0.07692307692307693,0.15384615384615385,0,0,0,13,0.03496503496503496,0.06818181818181818,0.021327017577882613,0.030158810144643604,0.27725122851247397,0.0010570824524312897,0.005813953488372093,0,0,0.0769230769230769,0.07692307692307691,0,0,6,0.8333333333333334,2.287783719941071
dominio-br-cli-1.0.0,dominio-br-cli,1.0.0,10墩4휑,4,"DE-001,DT-004,DT-017,PE-007",0,0,0,0,0,0,0,0,0,0,0,0,0,0,1,0,0,0,0,0,0,0,0,0,0,0,0,1,0,0,0,0,0,1,0,0,0,0,0,0,0,0,0,0,0,0,1,0,0,0,0,0,0,0,0,0,0,0,0,0,8,0.038834951456310676,3,0,0.5,0.375,0.125,0,2,0.03571428571428571,6,0.012195121951219511,0.01951219512195122,0.0051884451514418815,0.007378882957397173,0.04150756121153505,0.0001293041606886657,0.0002955523672883788,0.07142857142857142,0.14285714285714285,0.125,0.19075012706756594,0,0,4,0.16666666666666666,1.811278124459133
dt-frontend-utils-99.0.0,dt-frontend-utils,99.0.0,10墩2휑,7,"DE-001,DE-003,DE-007,DT-004,DT-009,PE-001,PE-002",0,0,0,0,0,0,0,0,0,0,0,0,0,0,1,0,0,0,1,0,0,0,0,0,0,0,0,0,0,0,0,0,0,1,0,1,0,0,0,1,1,1,0,0,0,0,0,0,0,0,0,0,0,0,0,0,0,0,0,0,117,0.45348837209302323,3,0,0.008547008547008548,0.9743589743589743,0.017094017094017096,0,41,0.0030209254347185383,76,0.007715587482124433,0.019455252918287938,0.0036167405321468177,0.006383146309101338,0.42315864226117766,3.217599521101467e-05,0.0003529304474708171,0.006041850869437072,0.02586206896551724,0.00854700854700854,0.01749876104561851,2.562821153525801e-06,7.496251874062968e-05,19,0.6521739130434783,3.7159816474455374
flight-suit-1.1.235,flight-suit,1.1.235,10墩6휑,2,"PE-001,PE-002",0,0,0,0,0,0,0,0,0,0,0,0,0,0,0,0,0,0,0,0,0,0,0,0,0,0,0,0,0,0,0,0,0,0,0,0,0,0,0,0,1,1,0,0,0,0,0,0,0,0,0,0,0,0,0,0,0,0,0,0,4,0.18181818181818182,1,0,0,0,1,0,0,0,4,0.09523809523809523,0.14285714285714285,0.05146993877465553,0.06258456539110124,0.2058797550986221,0.008333333333333335,0.028571428571428574,0,0,0.25,0.25,0,0,2,0.3333333333333333,1
frontend-google-tag-manager-99.0.0,frontend-google-tag-manager,99.0.0,10墩2휑,7,"DE-001,DE-003,DE-007,DT-004,DT-009,PE-001,PE-002",0,0,0,0,0,0,0,0,0,0,0,0,0,0,1,0,0,0,1,0,0,0,0,0,0,0,0,0,0,0,0,0,0,1,0,1,0,0,0,1,1,1,0,0,0,0,0,0,0,0,0,0,0,0,0,0,0,0,0,0,117,0.45348837209302323,3,0,0.008547008547008548,0.9743589743589743,0.017094017094017096,0,41,0.0030209254347185383,76,0.007715587482124433,0.019455252918287938,0.0036167405321468177,0.006383146309101338,0.42315864226117766,3.217599521101467e-05,0.0003529304474708171,0.006041850869437072,0.02586206896551724,0.00854700854700854,0.01749876104561851,2.562821153525801e-06,7.496251874062968e-05,19,0.6521739130434783,3.7159816474455374
frontend-layout-99.0.0,frontend-layout,99.0.0,10墩2휑,7,"DE-001,DE-003,DE-007,DT-004,DT-009,PE-001,PE-002",0,0,0,0,0,0,0,0,0,0,0,0,0,0,1,0,0,0,1,0,0,0,0,0,0,0,0,0,0,0,0,0,0,1,0,1,0,0,0,1,1,1,0,0,0,0,0,0,0,0,0,0,0,0,0,0,0,0,0,0,117,0.45348837209302323,3,0,0.008547008547008548,0.9743589743589743,0.017094017094017096,0,41,0.0030209254347185383,76,0.007715587482124433,0.019455252918287938,0.0036167405321468177,0.006383146309101338,0.42315864226117766,3.217599521101467e-05,0.0003529304474708171,0.006041850869437072,0.02586206896551724,0.00854700854700854,0.01749876104561851,2.562821153525801e-06,7.496251874062968e-05,19,0.6521739130434783,3.7159816474455374
frontend-metrics-collector-sdk-99.0.0,frontend-metrics-collector-sdk,99.0.0,10墩3휑,7,"DE-001,DE-003,DE-007,DT-004,DT-009,PE-001,PE-002",0,0,0,0,0,0,0,0,0,0,0,0,0,0,1,0,0,0,1,0,0,0,0,0,0,0,0,0,0,0,0,0,0,1,0,1,0,0,0,1,1,1,0,0,0,0,0,0,0,0,0,0,0,0,0,0,0,0,0,0,117,0.45348837209302323,3,0,0.008547008547008548,0.9743589743589743,0.017094017094017096,0,41,0.0030209254347185383,76,0.007715587482124429,0.019455252918287938,0.0036167405321468186,0.006383146309101338,0.4231586422611778,3.2175995211014675e-05,0.0003529304474708171,0.006041850869437072,0.02586206896551724,0.00854700854700854,0.01749876104561851,2.562821153525801e-06,7.496251874062968e-05,19,0.6521739130434783,3.7159816474455374
frontend-photoswipe-99.0.0,frontend-photoswipe,99.0.0,10墩3휑,6,"DE-001,DE-002,DE-003,DE-007,PE-001,PE-002",0,0,0,0,0,0,0,0,0,0,0,0,0,0,0,0,0,0,0,0,0,0,0,0,0,0,0,0,0,0,0,0,0,1,1,1,0,0,0,1,1,1,0,0,0,0,0,0,0,0,0,0,0,0,0,0,0,0,0,0,126,0.4548736462093863,2,0,0,0.9841269841269841,0.015873015873015872,0,48,0.0030476190476190477,78,0.007275132275132285,0.018115942028985508,0.003343787465064953,0.0060282655814140095,0.4213172205981841,3.0702469832904615e-05,0.0005474308300395257,0.0060952380952381,0.024,0.007936507936507945,0.01605148847482961,3.072196620583717e-06,6.451612903225807e-05,21,0.7142857142857143,3.9386100553088266
frontend-prevent-open-redirect-99.0.0,frontend-prevent-open-redirect,99.0.0,10墩3휑,6,"DE-001,DE-002,DE-003,DE-007,PE-001,PE-002",0,0,0,0,0,0,0,0,0,0,0,0,0,0,0,0,0,0,0,0,0,0,0,0,0,0,0,0,0,0,0,0,0,1,1,1,0,0,0,1,1,1,0,0,0,0,0,0,0,0,0,0,0,0,0,0,0,0,0,0,126,0.4548736462093863,2,0,0,0.9841269841269841,0.015873015873015872,0,48,0.0030476190476190477,78,0.007275132275132285,0.018115942028985508,0.003343787465064953,0.0060282655814140095,0.4213172205981841,3.0702469832904615e-05,0.0005474308300395257,0.0060952380952381,0.024,0.007936507936507945,0.01605148847482961,3.072196620583717e-06,6.451612903225807e-05,21,0.7142857142857143,3.9386100553088266
gna_university-2.0.0,gna_university,2.0.0,9墩29휑,11,"DE-001,DT-001,DT-002,DT-004,DT-010,IG-001,IG-002,IG-003,IG-004,PE-001,PE-002",1,1,1,1,0,0,0,0,0,0,0,1,1,0,1,0,0,0,0,1,0,0,0,0,0,0,0,0,0,0,0,0,0,1,0,0,0,0,0,0,1,1,0,0,0,0,0,0,0,0,0,0,0,0,0,0,0,0,0,0,15,0.15,4,0.3333333333333333,0.4,0.13333333333333333,0.13333333333333333,0,2,0.009523809523809525,13,0.01952861952861953,0.04040404040404041,0.009497779573959498,0.011877515992900496,0.14246669360939246,0.002906617192331478,0.018552875695732836,0.019047619047619046,0.07142857142857142,0.06666666666666665,0.11077116556378597,0,0,7,0.4166666666666667,2.5492553971685004
internal-checkout-bricks-99.0.0,internal-checkout-bricks,99.0.0,10墩3휑,6,"DE-001,DE-002,DE-003,DE-007,PE-001,PE-002",0,0,0,0,0,0,0,0,0,0,0,0,0,0,0,0,0,0,0,0,0,0,0,0,0,0,0,0,0,0,0,0,0,1,1,1,0,0,0,1,1,1,0,0,0,0,0,0,0,0,0,0,0,0,0,0,0,0,0,0,126,0.4548736462093863,2,0,0,0.9841269841269841,0.015873015873015872,0,48,0.0030476190476190477,78,0.007275132275132285,0.018115942028985508,0.003343787465064953,0.0060282655814140095,0.4213172205981841,3.0702469832904615e-05,0.0005474308300395257,0.0060952380952381,0.024,0.007936507936507945,0.01605148847482961,3.072196620583717e-06,6.451612903225807e-05,21,0.7142857142857143,3.9386100553088266
mahmoudtest-2.0.0,mahmoudtest,2.0.0,9墩27휑,5,"DE-005,DT-007,DT-008,PE-001,PE-002",0,0,0,0,0,0,0,0,0,0,0,0,0,0,0,0,1,1,0,0,0,0,0,0,0,0,0,0,0,0,0,0,0,0,0,0,0,1,0,0,1,1,0,0,0,0,0,0,0,0,0,0,0,0,0,0,0,0,0,0,3,0.42857142857142855,2,0,0.3333333333333333,0,0.6666666666666666,0,1,0.16666666666666666,2,0.27777777777777773,0.5,0.17010050355178183,0.21527148809961544,0.5103015106553455,0.022222222222222223,0.06666666666666667,0.3333333333333333,0.5,0.3333333333333332,0.4805410555110214,0,0,2,0.6666666666666666,0.9182958340544896
meta-service-boost-90s-1.0.0,meta-service-boost-90s,1.0.0,10墩5휑,6,"DE-001,DE-002,DE-003,DE-007,DT-001,IG-001",1,0,0,0,0,0,0,0,0,0,0,1,0,0,0,0,0,0,0,0,0,0,0,0,0,0,0,0,0,0,0,0,0,1,1,1,0,0,0,1,0,0,0,0,0,0,0,0,0,0,0,0,0,0,0,0,0,0,0,0,134,0.5095057034220533,3,0.007462686567164179,0.007462686567164179,0.9850746268656716,0,0,73,0.004096061048142745,61,0.007662071322775437,0.015267175572519083,0.0035506625859995423,0.007628699771874236,0.4757887865239387,0.0002896011737399693,0.005538299552513819,0.008192122096285502,0.03007518796992481,0.0074626865671641625,0.013929438221116133,3.825710817069812e-05,0.001139211665527455,16,0.8571428571428571,3.6366953296256845
metadata-lib-2.0.0,metadata-lib,2.0.0,9墩30휑,11,"DE-001,DT-001,DT-002,DT-004,DT-010,IG-001,IG-002,IG-003,IG-004,PE-001,PE-002",1,1,1,1,0,0,0,0,0,0,0,1,1,0,1,0,0,0,0,1,0,0,0,0,0,0,0,0,0,0,0,0,0,1,0,0,0,0,0,0,1,1,0,0,0,0,0,0,0,0,0,0,0,0,0,0,0,0,0,0,15,0.15,4,0.3333333333333333,0.4,0.13333333333333333,0.13333333333333333,0,2,0.009523809523809525,13,0.019528619528619527,0.04040404040404041,0.009497779573959498,0.011877515992900496,0.14246669360939246,0.002906617192331478,0.018552875695732836,0.019047619047619046,0.07142857142857142,0.06666666666666665,0.11077116556378597,0,0,7,0.4166666666666667,2.5492553971685004
nf-iso-properties-99.87.33,nf-iso-properties,99.87.33,10墩6휑,13,"DE-001,DE-002,DT-001,DT-002,DT-003,DT-011,DT-032,IG-001,IG-003,IG-007,PE-001,PE-002,PE-015",1,0,1,0,0,0,1,0,0,0,0,1,1,1,0,0,0,0,0,0,1,0,0,0,0,0,0,0,0,0,0,1,0,1,1,0,0,0,0,0,1,1,0,0,0,0,0,0,0,0,0,0,0,0,1,0,0,0,0,0,50,0.14285714285714285,4,0.2,0.1,0.64,0.06,0,19,0.007755102040816327,31,0.006246418338108879,0.020057306590257878,0.002938932653829082,0.005743353760371921,0.1469466326914541,6.455225109508281e-05,0.0005763593847775252,0.015510204081632657,0.08163265306122448,0.020000000000000028,0.04331831721847652,0.001488095238095238,0.01403061224489796,12,0.5714285714285714,3.1909521314928404
nileleetpkg-1.0.0,nileleetpkg,1.0.0,10墩6휑,7,"DE-005,DT-004,DT-008,PE-001,PE-002,PE-004,PE-008",0,0,0,0,0,0,0,0,0,0,0,0,0,0,1,0,0,1,0,0,0,0,0,0,0,0,0,0,0,0,0,0,0,0,0,0,0,1,0,0,1,1,0,1,0,0,0,1,0,0,0,0,0,0,0,0,0,0,0,0,7,0.5833333333333334,2,0,0.2857142857142857,0,0.7142857142857143,0,4,0.09523809523809523,3,0.14285714285714285,0.2727272727272727,0.08349745129297562,0.11276145590607443,0.5844821590508293,0.005194805194805195,0.01818181818181818,0.19047619047619047,0.3333333333333333,0.14285714285714282,0.16378880810200558,0,0,3,1,1.4488156357251847
nileninjapkg2-1.0.0,nileninjapkg2,1.0.0,10墩5휑,5,"DT-004,PE-001,PE-002,PE-004,PE-008",0,0,0,0,0,0,0,0,0,0,0,0,0,0,1,0,0,0,0,0,0,0,0,0,0,0,0,0,0,0,0,0,0,0,0,0,0,0,0,0,1,1,0,1,0,0,0,1,0,0,0,0,0,0,0,0,0,0,0,0,10,0.6666666666666666,2,0,0.3,0,0.7,0,6,0.06666666666666667,4,0.11428571428571428,0.21428571428571427,0.06591232810595701,0.09066650075712668,0.6591232810595702,0.0032967032967032967,0.01098901098901099,0.13333333333333336,0.2222222222222222,0.09999999999999999,0.113560421885625,0,0,4,1,1.895461844238322
nileninjapkg3-1.0.0,nileninjapkg3,1.0.0,10墩5휑,5,"DT-004,PE-001,PE-002,PE-004,PE-008",0,0,0,0,0,0,0,0,0,0,0,0,0,0,1,0,0,0,0,0,0,0,0,0,0,0,0,0,0,0,0,0,0,0,0,0,0,0,0,0,1,1,0,1,0,0,0,1,0,0,0,0,0,0,0,0,0,0,0,0,10,0.6666666666666666,2,0,0.3,0,0.7,0,6,0.06666666666666667,4,0.11428571428571428,0.21428571428571427,0.06591232810595701,0.09066650075712668,0.6591232810595702,0.0032967032967032967,0.01098901098901099,0.13333333333333336,0.2222222222222222,0.09999999999999999,0.113560421885625,0,0,4,1,1.895461844238322
nileninjapkg4-1.0.0,nileninjapkg4,1.0.0,10墩5휑,5,"DT-004,PE-001,PE-002,PE-004,PE-008",0,0,0,0,0,0,0,0,0,0,0,0,0,0,1,0,0,0,0,0,0,0,0,0,0,0,0,0,0,0,0,0,0,0,0,0,0,0,0,0,1,1,0,1,0,0,0,1,0,0,0,0,0,0,0,0,0,0,0,0,10,0.6666666666666666,2,0,0.3,0,0.7,0,6,0.06666666666666667,4,0.11428571428571428,0.21428571428571427,0.06591232810595701,0.09066650075712668,0.6591232810595702,0.0032967032967032967,0.01098901098901099,0.13333333333333336,0.2222222222222222,0.09999999999999999,0.113560421885625,0,0,4,1,1.895461844238322
nileninjapkg5-1.0.0,nileninjapkg5,1.0.0,10墩5휑,5,"DT-004,PE-001,PE-002,PE-004,PE-008",0,0,0,0,0,0,0,0,0,0,0,0,0,0,1,0,0,0,0,0,0,0,0,0,0,0,0,0,0,0,0,0,0,0,0,0,0,0,0,0,1,1,0,1,0,0,0,1,0,0,0,0,0,0,0,0,0,0,0,0,10,0.6666666666666666,2,0,0.3,0,0.7,0,6,0.06666666666666667,4,0.11428571428571428,0.21428571428571427,0.06591232810595701,0.09066650075712668,0.6591232810595702,0.0032967032967032967,0.01098901098901099,0.13333333333333336,0.2222222222222222,0.09999999999999999,0.113560421885625,0,0,4,1,1.895461844238322
nileninjapkg6-1.0.0,nileninjapkg6,1.0.0,10墩5휑,5,"DT-004,PE-001,PE-002,PE-004,PE-008",0,0,0,0,0,0,0,0,0,0,0,0,0,0,1,0,0,0,0,0,0,0,0,0,0,0,0,0,0,0,0,0,0,0,0,0,0,0,0,0,1,1,0,1,0,0,0,1,0,0,0,0,0,0,0,0,0,0,0,0,10,0.6666666666666666,2,0,0.3,0,0.7,0,6,0.06666666666666667,4,0.11428571428571428,0.21428571428571427,0.06591232810595701,0.09066650075712668,0.6591232810595702,0.0032967032967032967,0.01098901098901099,0.13333333333333336,0.2222222222222222,0.09999999999999999,0.113560421885625,0,0,4,1,1.895461844238322
nileninjapocpkg-1.0.0,nileninjapocpkg,1.0.0,10墩5휑,5,"DT-004,PE-001,PE-002,PE-004,PE-008",0,0,0,0,0,0,0,0,0,0,0,0,0,0,1,0,0,0,0,0,0,0,0,0,0,0,0,0,0,0,0,0,0,0,0,0,0,0,0,0,1,1,0,1,0,0,0,1,0,0,0,0,0,0,0,0,0,0,0,0,10,0.6666666666666666,2,0,0.3,0,0.7,0,6,0.06666666666666667,4,0.11428571428571428,0.21428571428571427,0.06591232810595701,0.09066650075712668,0.6591232810595702,0.0032967032967032967,0.01098901098901099,0.13333333333333336,0.2222222222222222,0.09999999999999999,0.113560421885625,0,0,4,1,1.895461844238322
nileninjapocpkg1-1.0.0,nileninjapocpkg1,1.0.0,10墩5휑,5,"DT-004,PE-001,PE-002,PE-004,PE-008",0,0,0,0,0,0,0,0,0,0,0,0,0,0,1,0,0,0,0,0,0,0,0,0,0,0,0,0,0,0,0,0,0,0,0,0,0,0,0,0,1,1,0,1,0,0,0,1,0,0,0,0,0,0,0,0,0,0,0,0,10,0.6666666666666666,2,0,0.3,0,0.7,0,6,0.06666666666666667,4,0.11428571428571428,0.21428571428571427,0.06591232810595701,0.09066650075712668,0.6591232810595702,0.0032967032967032967,0.01098901098901099,0.13333333333333336,0.2222222222222222,0.09999999999999999,0.113560421885625,0,0,4,1,1.895461844238322
nileninjapocpkg2-1.0.0,nileninjapocpkg2,1.0.0,10墩5휑,5,"DT-004,PE-001,PE-002,PE-004,PE-008",0,0,0,0,0,0,0,0,0,0,0,0,0,0,1,0,0,0,0,0,0,0,0,0,0,0,0,0,0,0,0,0,0,0,0,0,0,0,0,0,1,1,0,1,0,0,0,1,0,0,0,0,0,0,0,0,0,0,0,0,10,0.6666666666666666,2,0,0.3,0,0.7,0,6,0.06666666666666667,4,0.11428571428571428,0.21428571428571427,0.06591232810595701,0.09066650075712668,0.6591232810595702,0.0032967032967032967,0.01098901098901099,0.13333333333333336,0.2222222222222222,0.09999999999999999,0.113560421885625,0,0,4,1,1.895461844238322
nileninjapocpkg3-1.0.0,nileninjapocpkg3,1.0.0,10墩5휑,5,"DT-004,PE-001,PE-002,PE-004,PE-008",0,0,0,0,0,0,0,0,0,0,0,0,0,0,1,0,0,0,0,0,0,0,0,0,0,0,0,0,0,0,0,0,0,0,0,0,0,0,0,0,1,1,0,1,0,0,0,1,0,0,0,0,0,0,0,0,0,0,0,0,10,0.6666666666666666,2,0,0.3,0,0.7,0,6,0.06666666666666667,4,0.11428571428571428,0.21428571428571427,0.06591232810595701,0.09066650075712668,0.6591232810595702,0.0032967032967032967,0.01098901098901099,0.13333333333333336,0.2222222222222222,0.09999999999999999,0.113560421885625,0,0,4,1,1.895461844238322
nilepkg10-1.0.0,nilepkg10,1.0.0,10墩6휑,7,"DE-005,DT-004,DT-008,PE-001,PE-002,PE-004,PE-008",0,0,0,0,0,0,0,0,0,0,0,0,0,0,1,0,0,1,0,0,0,0,0,0,0,0,0,0,0,0,0,0,0,0,0,0,0,1,0,0,1,1,0,1,0,0,0,1,0,0,0,0,0,0,0,0,0,0,0,0,7,0.5833333333333334,2,0,0.2857142857142857,0,0.7142857142857143,0,4,0.09523809523809523,3,0.14285714285714285,0.2727272727272727,0.08349745129297562,0.11276145590607443,0.5844821590508293,0.005194805194805195,0.01818181818181818,0.19047619047619047,0.3333333333333333,0.14285714285714282,0.16378880810200558,0,0,3,1,1.4488156357251847
nilepkg3-1.0.0,nilepkg3,1.0.0,10墩6휑,7,"DE-005,DT-004,DT-008,PE-001,PE-002,PE-004,PE-008",0,0,0,0,0,0,0,0,0,0,0,0,0,0,1,0,0,1,0,0,0,0,0,0,0,0,0,0,0,0,0,0,0,0,0,0,0,1,0,0,1,1,0,1,0,0,0,1,0,0,0,0,0,0,0,0,0,0,0,0,10,0.6666666666666666,2,0,0.3,0,0.7,0,6,0.06666666666666667,4,0.11428571428571428,0.21428571428571427,0.06591232810595701,0.09066650075712668,0.6591232810595702,0.0032967032967032967,0.01098901098901099,0.13333333333333336,0.2222222222222222,0.1,0.113560421885625,0,0,4,1,1.895461844238322
nilepkg4-1.0.0,nilepkg4,1.0.0,10墩6휑,12,"DE-001,DE-002,DT-001,DT-002,DT-003,IG-001,IG-003,IG-010,IG-011,PE-001,PE-002,PE-003",1,0,1,0,0,0,0,0,0,1,1,1,1,1,0,0,0,0,0,0,0,0,0,0,0,0,0,0,0,0,0,0,0,1,1,0,0,0,0,0,1,1,1,0,0,0,0,0,0,0,0,0,0,0,0,0,0,0,0,0,23,0.20353982300884957,4,0.391304347826087,0.17391304347826086,0.17391304347826086,0.2608695652173913,0,0,0,23,0.01281055900621118,0.026785714285714284,0.00829432593679922,0.011445384532451931,0.19076949654638206,0.000122509932292541,0.0014543114543114544,0,0,0.043478260869565195,0.0434782608695652,0,0,8,0.3333333333333333,2.733941979590484
nilepkg5-1.0.0,nilepkg5,1.0.0,10墩6휑,12,"DE-001,DE-002,DT-001,DT-002,DT-003,IG-001,IG-003,IG-010,IG-011,PE-001,PE-002,PE-003",1,0,1,0,0,0,0,0,0,1,1,1,1,1,0,0,0,0,0,0,0,0,0,0,0,0,0,0,0,0,0,0,0,1,1,0,0,0,0,0,1,1,1,0,0,0,0,0,0,0,0,0,0,0,0,0,0,0,0,0,23,0.20353982300884957,4,0.391304347826087,0.17391304347826086,0.17391304347826086,0.2608695652173913,0,0,0,23,0.01281055900621118,0.026785714285714284,0.00829432593679922,0.011445384532451931,0.19076949654638206,0.000122509932292541,0.0014543114543114544,0,0,0.043478260869565195,0.0434782608695652,0,0,8,0.3333333333333333,2.733941979590484
nilepkg6-1.0.0,nilepkg6,1.0.0,10墩6휑,12,"DE-001,DE-002,DT-001,DT-002,DT-003,IG-001,IG-003,IG-010,IG-011,PE-001,PE-002,PE-003",1,0,1,0,0,0,0,0,0,1,1,1,1,1,0,0,0,0,0,0,0,0,0,0,0,0,0,0,0,0,0,0,0,1,1,0,0,0,0,0,1,1,1,0,0,0,0,0,0,0,0,0,0,0,0,0,0,0,0,0,23,0.20353982300884957,4,0.391304347826087,0.17391304347826086,0.17391304347826086,0.2608695652173913,0,0,0,23,0.01281055900621118,0.026785714285714284,0.00829432593679922,0.011445384532451931,0.19076949654638206,0.000122509932292541,0.0014543114543114544,0,0,0.043478260869565195,0.0434782608695652,0,0,8,0.3333333333333333,2.733941979590484
nilepkg9-1.0.0,nilepkg9,1.0.0,10墩6휑,7,"DE-005,DT-004,DT-008,PE-001,PE-002,PE-004,PE-008",0,0,0,0,0,0,0,0,0,0,0,0,0,0,1,0,0,1,0,0,0,0,0,0,0,0,0,0,0,0,0,0,0,0,0,0,0,1,0,0,1,1,0,1,0,0,0,1,0,0,0,0,0,0,0,0,0,0,0,0,7,0.5833333333333334,2,0,0.2857142857142857,0,0.7142857142857143,0,4,0.09523809523809523,3,0.14285714285714285,0.2727272727272727,0.08349745129297562,0.11276145590607443,0.5844821590508293,0.005194805194805195,0.01818181818181818,0.19047619047619047,0.3333333333333333,0.14285714285714282,0.16378880810200558,0,0,3,1,1.4488156357251847
niletestpkg-1.0.0,niletestpkg,1.0.0,10墩6휑,7,"DE-005,DT-004,DT-008,PE-001,PE-002,PE-004,PE-008",0,0,0,0,0,0,0,0,0,0,0,0,0,0,1,0,0,1,0,0,0,0,0,0,0,0,0,0,0,0,0,0,0,0,0,0,0,1,0,0,1,1,0,1,0,0,0,1,0,0,0,0,0,0,0,0,0,0,0,0,7,0.5833333333333334,2,0,0.2857142857142857,0,0.7142857142857143,0,4,0.09523809523809523,3,0.14285714285714285,0.2727272727272727,0.08349745129297562,0.11276145590607443,0.5844821590508293,0.005194805194805195,0.01818181818181818,0.19047619047619047,0.3333333333333333,0.14285714285714282,0.16378880810200558,0,0,3,1,1.4488156357251847
ninjaleetpkg-1.0.0,ninjaleetpkg,1.0.0,10墩6휑,7,"DE-005,DT-004,DT-008,PE-001,PE-002,PE-004,PE-008",0,0,0,0,0,0,0,0,0,0,0,0,0,0,1,0,0,1,0,0,0,0,0,0,0,0,0,0,0,0,0,0,0,0,0,0,0,1,0,0,1,1,0,1,0,0,0,1,0,0,0,0,0,0,0,0,0,0,0,0,7,0.5833333333333334,2,0,0.2857142857142857,0,0.7142857142857143,0,4,0.09523809523809523,3,0.14285714285714285,0.2727272727272727,0.08349745129297562,0.11276145590607443,0.5844821590508293,0.005194805194805195,0.01818181818181818,0.19047619047619047,0.3333333333333333,0.14285714285714282,0.16378880810200558,0,0,3,1,1.4488156357251847
op-frontend-commons-99.0.0,op-frontend-commons,99.0.0,10墩1휑,7,"DE-001,DE-003,DE-007,DT-004,DT-009,PE-001,PE-002",0,0,0,0,0,0,0,0,0,0,0,0,0,0,1,0,0,0,1,0,0,0,0,0,0,0,0,0,0,0,0,0,0,1,0,1,0,0,0,1,1,1,0,0,0,0,0,0,0,0,0,0,0,0,0,0,0,0,0,0,117,0.45348837209302323,3,0,0.008547008547008548,0.9743589743589743,0.017094017094017096,0,41,0.0030209254347185383,76,0.007715587482124429,0.019455252918287938,0.0036167405321468195,0.006383146309101338,0.4231586422611779,3.2175995211014675e-05,0.0003529304474708171,0.006041850869437072,0.02586206896551724,0.008547008547008543,0.017498761045618517,2.562821153525801e-06,7.496251874062968e-05,19,0.6521739130434783,3.7159816474455374
optional-native-module-xyz-99.7.1,optional-native-module-xyz,99.7.1,10墩2휑,10,"DE-001,DE-004,DT-001,DT-002,DT-003,DT-010,IG-001,PE-001,PE-002,PE-009",1,0,0,0,0,0,0,0,0,0,0,1,1,1,0,0,0,0,0,1,0,0,0,0,0,0,0,0,0,0,0,0,0,1,0,0,1,0,0,0,1,1,0,0,0,0,0,0,1,0,0,0,0,0,0,0,0,0,0,0,17,0.13934426229508196,4,0.17647058823529413,0.23529411764705882,0.29411764705882354,0.29411764705882354,0,0,0,17,0.015556635877491494,0.03305785123966942,0.008585614154145252,0.01296404675943667,0.14595544062046928,0.00023229622427483395,0.0016804407713498623,0,0,0.058823529411764705,0.058823529411764705,0,0,9,0.5,2.889549430862088
react-dnd-html5-backend-14-9.9.9,react-dnd-html5-backend-14,9.9.9,10墩6휑,6,"DT-004,PE-001,PE-002,PE-004,PE-008,SP-002",0,0,0,0,0,0,0,0,0,0,0,0,0,0,1,0,0,0,0,0,0,0,0,0,0,0,0,0,0,0,0,0,0,0,0,0,0,0,0,0,1,1,0,1,0,0,0,1,0,0,0,0,0,0,0,0,0,1,0,0,7,0.7777777777777778,2,0,0.2857142857142857,0,0.7142857142857143,0,4,0.09523809523809523,3,0.19642857142857142,0.375,0.11799894014684667,0.1593259143612602,0.8259925810279267,0.01020408163265306,0.03571428571428571,0.19047619047619047,0.3333333333333333,0.14285714285714282,0.16378880810200558,0,0,3,1,1.4488156357251847
react-rails-builds-1.0.0,react-rails-builds,1.0.0,10墩4휑,11,"DE-001,DT-001,DT-002,DT-003,DT-010,IG-001,IG-002,IG-003,IG-004,PE-001,PE-002",1,1,1,1,0,0,0,0,0,0,0,1,1,1,0,0,0,0,0,1,0,0,0,0,0,0,0,0,0,0,0,0,0,1,0,0,0,0,0,0,1,1,0,0,0,0,0,0,0,0,0,0,0,0,0,0,0,0,0,0,13,0.28888888888888886,4,0.46153846153846156,0.3076923076923077,0.07692307692307693,0.15384615384615385,0,0,0,13,0.03496503496503496,0.06818181818181818,0.021327017577882613,0.030158810144643604,0.27725122851247397,0.0010570824524312897,0.005813953488372093,0,0,0.0769230769230769,0.07692307692307691,0,0,6,0.8333333333333334,2.287783719941071
sevilla-test-package-99.0.0,sevilla-test-package,99.0.0,10墩1휑,7,"DE-001,DE-003,DE-007,DT-004,DT-009,PE-001,PE-002",0,0,0,0,0,0,0,0,0,0,0,0,0,0,1,0,0,0,1,0,0,0,0,0,0,0,0,0,0,0,0,0,0,1,0,1,0,0,0,1,1,1,0,0,0,0,0,0,0,0,0,0,0,0,0,0,0,0,0,0,117,0.45348837209302323,3,0,0.008547008547008548,0.9743589743589743,0.017094017094017096,0,41,0.0030209254347185383,76,0.007715587482124429,0.019455252918287938,0.0036167405321468195,0.006383146309101338,0.4231586422611779,3.2175995211014675e-05,0.0003529304474708171,0.006041850869437072,0.02586206896551724,0.008547008547008543,0.017498761045618517,2.562821153525801e-06,7.496251874062968e-05,19,0.6521739130434783,3.7159816474455374
sevilla-test-pkg-99.0.0,sevilla-test-pkg,99.0.0,10墩1휑,7,"DE-001,DE-003,DE-007,DT-004,DT-009,PE-001,PE-002",0,0,0,0,0,0,0,0,0,0,0,0,0,0,1,0,0,0,1,0,0,0,0,0,0,0,0,0,0,0,0,0,0,1,0,1,0,0,0,1,1,1,0,0,0,0,0,0,0,0,0,0,0,0,0,0,0,0,0,0,117,0.45348837209302323,3,0,0.008547008547008548,0.9743589743589743,0.017094017094017096,0,41,0.0030209254347185383,76,0.007715587482124429,0.019455252918287938,0.0036167405321468195,0.006383146309101338,0.4231586422611779,3.2175995211014675e-05,0.0003529304474708171,0.006041850869437072,0.02586206896551724,0.008547008547008543,0.017498761045618517,2.562821153525801e-06,7.496251874062968e-05,19,0.6521739130434783,3.7159816474455374
shakti-platform-96.87.33,shakti-platform,96.87.33,10墩6휑,13,"DE-001,DE-002,DT-001,DT-002,DT-003,DT-011,DT-032,IG-001,IG-003,IG-007,PE-001,PE-002,PE-015",1,0,1,0,0,0,1,0,0,0,0,1,1,1,0,0,0,0,0,0,1,0,0,0,0,0,0,0,0,0,0,1,0,1,1,0,0,0,0,0,1,1,0,0,0,0,0,0,0,0,0,0,0,0,1,0,0,0,0,0,50,0.14285714285714285,4,0.2,0.1,0.64,0.06,0,19,0.007755102040816327,31,0.006246418338108879,0.020057306590257878,0.002938932653829082,0.005743353760371921,0.1469466326914541,6.455225109508281e-05,0.0005763593847775252,0.015510204081632657,0.08163265306122448,0.020000000000000028,0.04331831721847652,0.001488095238095238,0.01403061224489796,12,0.5714285714285714,3.1909521314928404
sp-web-utils-lib-99.0.0,sp-web-utils-lib,99.0.0,10墩3휑,6,"DE-001,DE-002,DE-003,DE-007,PE-001,PE-002",0,0,0,0,0,0,0,0,0,0,0,0,0,0,0,0,0,0,0,0,0,0,0,0,0,0,0,0,0,0,0,0,0,1,1,1,0,0,0,1,1,1,0,0,0,0,0,0,0,0,0,0,0,0,0,0,0,0,0,0,126,0.4548736462093863,2,0,0,0.9841269841269841,0.015873015873015872,0,48,0.0030476190476190477,78,0.007275132275132285,0.018115942028985508,0.003343787465064953,0.0060282655814140095,0.4213172205981841,3.0702469832904615e-05,0.0005474308300395257,0.0060952380952381,0.024,0.007936507936507945,0.01605148847482961,3.072196620583717e-06,6.451612903225807e-05,21,0.7142857142857143,3.9386100553088266
stack-ui-elements-1.0.0,stack-ui-elements,1.0.0,10墩6휑,10,"DE-001,DT-001,DT-002,DT-003,DT-007,DT-010,IG-001,IG-003,PE-001,PE-002",1,0,1,0,0,0,0,0,0,0,0,1,1,1,0,0,1,0,0,1,0,0,0,0,0,0,0,0,0,0,0,0,0,1,0,0,0,0,0,0,1,1,0,0,0,0,0,0,0,0,0,0,0,0,0,0,0,0,0,0,12,0.34285714285714286,4,0.3333333333333333,0.3333333333333333,0.16666666666666666,0.16666666666666666,0,0,0,12,0.04656862745098039,0.08823529411764705,0.028523123276703075,0.04138498426552796,0.3422774793204369,0.00089126559714795,0.0035650623885918,0,0,0.08333333333333333,0.08333333333333333,0,0,6,0.6,2.355388542207534
stylelint-config-twbs-applestrap-2.2.0,stylelint-config-twbs-applestrap,2.2.0,9墩30휑,11,"DE-001,DT-001,DT-002,DT-003,DT-010,IG-001,IG-002,IG-003,IG-004,PE-001,PE-002",1,1,1,1,0,0,0,0,0,0,0,1,1,1,0,0,0,0,0,1,0,0,0,0,0,0,0,0,0,0,0,0,0,1,0,0,0,0,0,0,1,1,0,0,0,0,0,0,0,0,0,0,0,0,0,0,0,0,0,0,13,0.28888888888888886,4,0.46153846153846156,0.3076923076923077,0.07692307692307693,0.15384615384615385,0,0,0,13,0.03496503496503496,0.06818181818181818,0.021327017577882613,0.030158810144643604,0.27725122851247397,0.0010570824524312897,0.005813953488372093,0,0,0.0769230769230769,0.07692307692307691,0,0,6,0.8333333333333334,2.287783719941071
token_security_check-1.0.3,token_security_check,1.0.3,10墩1휑,3,"DT-004,DT-017,IG-014",0,0,0,0,0,0,0,0,0,0,0,0,0,0,1,0,0,0,0,0,0,0,0,0,1,0,0,1,0,0,0,0,0,0,0,0,0,0,0,0,0,0,0,0,0,0,0,0,0,0,0,0,0,0,0,0,0,0,0,0,4,0.16666666666666666,2,0.5,0.5,0,0,0,1,0.08333333333333333,3,0.07608695652173914,0.17391304347826086,0.04833734177353469,0.07704913714090982,0.19334936709413875,0.0029644268774703555,0.011857707509881422,0.16666666666666666,0.3333333333333333,0.25,0.3814311959962845,0,0,2,0.5,1
token_security_check-1.0.4,token_security_check,1.0.4,10墩1휑,3,"DT-004,DT-017,IG-014",0,0,0,0,0,0,0,0,0,0,0,0,0,0,1,0,0,0,0,0,0,0,0,0,1,0,0,1,0,0,0,0,0,0,0,0,0,0,0,0,0,0,0,0,0,0,0,0,0,0,0,0,0,0,0,0,0,0,0,0,4,0.18181818181818182,2,0.5,0.5,0,0,0,1,0.08333333333333333,3,0.08333333333333333,0.19047619047619047,0.05259080597997741,0.08367744813028692,0.21036322391990964,0.0035714285714285718,0.014285714285714287,0.16666666666666666,0.3333333333333333,0.25,0.3814311959962845,0,0,2,0.5,1
trendwatch-30.1.1,trendwatch,30.1.1,10墩1휑,12,"DT-001,DT-002,DT-003,DT-007,DT-010,DT-018,IG-001,IG-003,PE-001,PE-002,PE-003,SP-004",1,0,1,0,0,0,0,0,0,0,0,1,1,1,0,0,1,0,0,1,0,0,0,0,0,0,0,0,1,0,0,0,0,0,0,0,0,0,0,0,1,1,1,0,0,0,0,0,0,0,0,0,0,0,0,0,0,0,0,1,26,0.10317460317460317,4,0.23076923076923078,0.5,0,0.23076923076923078,0.038461538461538464,0,0,26,0.005209929512718356,0.01195219123505976,0.0036719466014112604,0.005465951025119176,0.09547061163669276,0.00018071713147410363,0.004337211155378487,0,0,0.03846153846153844,0.03846153846153845,0,0,11,0.3333333333333333,3.2437357573361996
trendwatch-30.2.1,trendwatch,30.2.1,10墩1휑,11,"DE-001,DT-001,DT-002,DT-003,DT-010,IG-001,IG-003,IG-007,PE-001,PE-002,PE-003",1,0,1,0,0,0,1,0,0,0,0,1,1,1,0,0,0,0,0,1,0,0,0,0,0,0,0,0,0,0,0,0,0,1,0,0,0,0,0,0,1,1,1,0,0,0,0,0,0,0,0,0,0,0,0,0,0,0,0,0,13,0.11403508771929824,4,0.23076923076923078,0.23076923076923078,0.07692307692307693,0.46153846153846156,0,0,0,13,0.012933968686181074,0.02654867256637168,0.010153592046259588,0.016470033721274563,0.13199669660137464,0.00016629388310804245,0.0008106826801517068,0,0,0.0769230769230769,0.07692307692307691,0,0,5,0.3333333333333333,2.199687794731328
tw-webkit-universal-99.0.0,tw-webkit-universal,99.0.0,10墩3휑,6,"DE-001,DE-002,DE-003,DE-007,PE-001,PE-002",0,0,0,0,0,0,0,0,0,0,0,0,0,0,0,0,0,0,0,0,0,0,0,0,0,0,0,0,0,0,0,0,0,1,1,1,0,0,0,1,1,1,0,0,0,0,0,0,0,0,0,0,0,0,0,0,0,0,0,0,126,0.4548736462093863,2,0,0,0.9841269841269841,0.015873015873015872,0,48,0.0030476190476190477,78,0.007275132275132285,0.018115942028985508,0.003343787465064953,0.0060282655814140095,0.4213172205981841,3.0702469832904615e-05,0.0005474308300395257,0.0060952380952381,0.024,0.007936507936507945,0.01605148847482961,3.072196620583717e-06,6.451612903225807e-05,21,0.7142857142857143,3.9386100553088266
usage-tracker-secured-1.0.1,usage-tracker-secured,1.0.1,10墩5휑,5,"DT-017,IG-001,IG-003,PE-001,PE-002",1,0,1,0,0,0,0,0,0,0,0,0,0,0,0,0,0,0,0,0,0,0,0,0,0,0,0,1,0,0,0,0,0,0,0,0,0,0,0,0,1,1,0,0,0,0,0,0,0,0,0,0,0,0,0,0,0,0,0,0,6,0.2727272727272727,3,0.5,0.16666666666666666,0,0.3333333333333333,0,0,0,6,0.08730158730158728,0.19047619047619047,0.04811212236215296,0.06805657988991154,0.2886727341729178,0.003174603174603175,0.014285714285714287,0,0,0.16666666666666663,0.16666666666666663,0,0,4,0.3333333333333333,1.9182958340544896
usage-tracker-secured-1.0.2,usage-tracker-secured,1.0.2,10墩5휑,8,"DE-001,DE-002,DT-004,DT-017,IG-001,IG-003,PE-001,PE-002",1,0,1,0,0,0,0,0,0,0,0,0,0,0,1,0,0,0,0,0,0,0,0,0,0,0,0,1,0,0,0,0,0,1,1,0,0,0,0,0,1,1,0,0,0,0,0,0,0,0,0,0,0,0,0,0,0,0,0,0,25,0.2336448598130841,4,0.48,0.12,0.32,0.08,0,1,0.0016666666666666668,24,0.012830188679245283,0.03773584905660377,0.00986356777422832,0.014004556802727882,0.24658919435570803,0.00010767295597484279,0.0009613656783468105,0.003333333333333333,0.041666666666666664,0.039999999999999994,0.07153024000000001,0,0,11,0.6666666666666666,3.3834651896016474
v-pure-tooltip-2.0.0,v-pure-tooltip,2.0.0,9墩30휑,11,"DE-001,DT-001,DT-002,DT-004,DT-010,IG-001,IG-002,IG-003,IG-004,PE-001,PE-002",1,1,1,1,0,0,0,0,0,0,0,1,1,0,1,0,0,0,0,1,0,0,0,0,0,0,0,0,0,0,0,0,0,1,0,0,0,0,0,0,1,1,0,0,0,0,0,0,0,0,0,0,0,0,0,0,0,0,0,0,15,0.15,4,0.3333333333333333,0.4,0.13333333333333333,0.13333333333333333,0,2,0.009523809523809525,13,0.019528619528619527,0.04040404040404041,0.009497779573959498,0.011877515992900496,0.14246669360939246,0.002906617192331478,0.018552875695732836,0.019047619047619046,0.07142857142857142,0.06666666666666665,0.11077116556378597,0,0,7,0.4166666666666667,2.5492553971685004
verdi-chat-library-99.0.0,verdi-chat-library,99.0.0,10墩1휑,7,"DE-001,DE-003,DE-007,DT-004,DT-009,PE-001,PE-002",0,0,0,0,0,0,0,0,0,0,0,0,0,0,1,0,0,0,1,0,0,0,0,0,0,0,0,0,0,0,0,0,0,1,0,1,0,0,0,1,1,1,0,0,0,0,0,0,0,0,0,0,0,0,0,0,0,0,0,0,117,0.45348837209302323,3,0,0.008547008547008548,0.9743589743589743,0.017094017094017096,0,41,0.0030209254347185383,76,0.007715587482124429,0.019455252918287938,0.0036167405321468195,0.006383146309101338,0.4231586422611779,3.2175995211014675e-05,0.0003529304474708171,0.006041850869437072,0.02586206896551724,0.008547008547008543,0.017498761045618517,2.562821153525801e-06,7.496251874062968e-05,19,0.6521739130434783,3.7159816474455374
vn-hrm-1.0.1,vn-hrm,1.0.1,10墩5휑,2,"PE-001,PE-002",0,0,0,0,0,0,0,0,0,0,0,0,0,0,0,0,0,0,0,0,0,0,0,0,0,0,0,0,0,0,0,0,0,0,0,0,0,0,0,0,1,1,0,0,0,0,0,0,0,0,0,0,0,0,0,0,0,0,0,0,2,0.10526315789473684,1,0,0,0,1,0,0,0,2,0.1111111111111111,0.16666666666666666,0.05776853868608777,0.07023827801813856,0.11553707737217554,0.0196078431372549,0.0392156862745098,0,0,0.5,0.5,0,0,1,0.3333333333333333,0
vn-hrm-1.0.2,vn-hrm,1.0.2,10墩5휑,2,"PE-001,PE-002",0,0,0,0,0,0,0,0,0,0,0,0,0,0,0,0,0,0,0,0,0,0,0,0,0,0,0,0,0,0,0,0,0,0,0,0,0,0,0,0,1,1,0,0,0,0,0,0,0,0,0,0,0,0,0,0,0,0,0,0,3,0.09375,1,0,0,0,1,0,0,0,3,0.07526881720430108,0.0967741935483871,0.03344266313649754,0.04403462766181218,0.10032798940949261,0.03046594982078853,0.06451612903225806,0,0,0.3333333333333333,0.3333333333333333,0,0,2,0.3333333333333333,0.9182958340544896
vn-hrm-1.0.3,vn-hrm,1.0.3,10墩5휑,2,"PE-001,PE-002",0,0,0,0,0,0,0,0,0,0,0,0,0,0,0,0,0,0,0,0,0,0,0,0,0,0,0,0,0,0,0,0,0,0,0,0,0,0,0,0,1,1,0,0,0,0,0,0,0,0,0,0,0,0,0,0,0,0,0,0,3,0.09375,1,0,0,0,1,0,0,0,3,0.07526881720430108,0.0967741935483871,0.03344266313649754,0.04403462766181218,0.10032798940949261,0.03046594982078853,0.06451612903225806,0,0,0.3333333333333333,0.3333333333333333,0,0,2,0.3333333333333333,0.9182958340544896
withnotificationx-55.33.111,withnotificationx,55.33.111,10墩3휑,6,"DE-001,DE-002,IG-001,IG-003,PE-001,PE-002",1,0,1,0,0,0,0,0,0,0,0,0,0,0,0,0,0,0,0,0,0,0,0,0,0,0,0,0,0,0,0,0,0,1,1,0,0,0,0,0,1,1,0,0,0,0,0,0,0,0,0,0,0,0,0,0,0,0,0,0,15,0.234375,3,0.6666666666666666,0,0.2,0.13333333333333333,0,0,0,15,0.021164021164021163,0.06349206349206349,0.01745726821498945,0.025856776939963716,0.2618590232248418,0.0001877453490356716,0.002304147465437788,0,0,0.06666666666666665,0.06666666666666665,0,0,6,0.4375,2.196791631981637
zdachboostv1-1.0.5,zdachboostv1,1.0.5,10墩4휑,6,"DE-001,DE-002,DE-003,DE-007,DT-001,IG-001",1,0,0,0,0,0,0,0,0,0,0,1,0,0,0,0,0,0,0,0,0,0,0,0,0,0,0,0,0,0,0,0,0,1,1,1,0,0,0,1,0,0,0,0,0,0,0,0,0,0,0,0,0,0,0,0,0,0,0,0,134,0.5095057034220533,3,0.007462686567164179,0.007462686567164179,0.9850746268656716,0,0,73,0.004096061048142745,61,0.007662071322775435,0.015267175572519083,0.0035506625859995414,0.007628699771874236,0.4757887865239386,0.0002896011737399694,0.005538299552513819,0.0081921220962855,0.03007518796992481,0.007462686567164161,0.013929438221116133,3.8257108170698124e-05,0.001139211665527455,16,0.8571428571428571,3.6366953296256845
zdachboostv1-1.0.6,zdachboostv1,1.0.6,10墩4휑,6,"DE-001,DE-002,DE-003,DE-007,DT-001,IG-001",1,0,0,0,0,0,0,0,0,0,0,1,0,0,0,0,0,0,0,0,0,0,0,0,0,0,0,0,0,0,0,0,0,1,1,1,0,0,0,1,0,0,0,0,0,0,0,0,0,0,0,0,0,0,0,0,0,0,0,0,134,0.5095057034220533,3,0.007462686567164179,0.007462686567164179,0.9850746268656716,0,0,73,0.004096061048142745,61,0.007662071322775435,0.015267175572519083,0.0035506625859995414,0.007628699771874236,0.4757887865239386,0.0002896011737399694,0.005538299552513819,0.0081921220962855,0.03007518796992481,0.007462686567164161,0.013929438221116133,3.8257108170698124e-05,0.001139211665527455,16,0.8571428571428571,3.6366953296256845
vishu_transitive_fn-2.0.0,vishu_transitive_fn,2.0.0,10墩1휑,11,"DE-001,DT-001,DT-002,DT-004,DT-010,IG-001,IG-002,IG-003,IG-004,PE-001,PE-002",1,1,1,1,0,0,0,0,0,0,0,1,1,0,1,0,0,0,0,1,0,0,0,0,0,0,0,0,0,0,0,0,0,1,0,0,0,0,0,0,1,1,0,0,0,0,0,0,0,0,0,0,0,0,0,0,0,0,0,0,15,0.15,4,0.3333333333333333,0.4,0.13333333333333333,0.13333333333333333,0,2,0.009523809523809525,13,0.019528619528619527,0.04040404040404041,0.0094977795739595,0.011877515992900496,0.1424666936093925,0.0029066171923314774,0.018552875695732836,0.019047619047619046,0.07142857142857142,0.06666666666666665,0.11077116556378597,0,0,7,0.4166666666666667,2.5492553971685004
mad-1.2.3.2.2.8-1.0.0,mad-1.2.3.2.2.8,1.0.0,10墩1휑,2,"DE-003,DE-007",0,0,0,0,0,0,0,0,0,0,0,0,0,0,0,0,0,0,0,0,0,0,0,0,0,0,0,0,0,0,0,0,0,0,0,1,0,0,0,1,0,0,0,0,0,0,0,0,0,0,0,0,0,0,0,0,0,0,0,0,176,0.45714285714285713,1,0,0,1,0,0,55,0.0017857142857142857,121,0.005060369318181827,0.010416666666666666,0.0023144900288628585,0.004290153334728661,0.4073502450798631,0.00019707609198215805,0.005340241514360313,0.0035714285714285713,0.017142857142857144,0.005681818181818182,0.01170640173037192,1.7539931333034777e-05,0.000689655172413793,18,0.5652173913043478,3.928764889387316
mad-10.1.1.2.2.8-1.0.0,mad-10.1.1.2.2.8,1.0.0,10墩1휑,2,"DE-003,DE-007",0,0,0,0,0,0,0,0,0,0,0,0,0,0,0,0,0,0,0,0,0,0,0,0,0,0,0,0,0,0,0,0,0,0,0,1,0,0,0,1,0,0,0,0,0,0,0,0,0,0,0,0,0,0,0,0,0,0,0,0,177,0.4621409921671018,1,0,0,1,0,0,61,0.00195814072932717,116,0.005117283402845545,0.010471204188481676,0.0023800410114294874,0.004166926833586343,0.42126725902301926,0.00020368438504597702,0.004947300435613088,0.003916281458654347,0.017045454545454544,0.005649717514124286,0.011296919544456113,1.7242644361288426e-05,0.0006818181818181819,15,0.5555555555555556,3.7112626519192817
mad-1.2.6.2.2.8-1.0.0,mad-1.2.6.2.2.8,1.0.0,10墩1휑,2,"DE-003,DE-007",0,0,0,0,0,0,0,0,0,0,0,0,0,0,0,0,0,0,0,0,0,0,0,0,0,0,0,0,0,0,0,0,0,0,0,1,0,0,0,1,0,0,0,0,0,0,0,0,0,0,0,0,0,0,0,0,0,0,0,0,175,0.46419098143236076,1,0,0,1,0,0,60,0.0019704433497536944,115,0.005121580547112469,0.010638297872340425,0.0024142179715041824,0.0041946986688451565,0.4224881450132319,0.00023712421479230004,0.006978510638297872,0.003940886699507395,0.017241379310344827,0.005714285714285698,0.0140432706604391,1.3667815142800193e-05,0.0005315261444422297,17,0.5714285714285714,3.8120038055526817
mad-1.2.7.2.2.8-1.0.0,mad-1.2.7.2.2.8,1.0.0,10墩1휑,2,"DE-003,DE-007",0,0,0,0,0,0,0,0,0,0,0,0,0,0,0,0,0,0,0,0,0,0,0,0,0,0,0,0,0,0,0,0,0,0,0,1,0,0,0,1,0,0,0,0,0,0,0,0,0,0,0,0,0,0,0,0,0,0,0,0,175,0.46419098143236076,1,0,0,1,0,0,60,0.0019704433497536944,115,0.005121580547112469,0.010638297872340425,0.0024142179715041824,0.0041946986688451565,0.4224881450132319,0.00023712421479230004,0.006978510638297872,0.003940886699507395,0.017241379310344827,0.005714285714285698,0.0140432706604391,1.3667815142800193e-05,0.0005315261444422297,17,0.5714285714285714,3.8120038055526817
mad-1.2.9.2.2.8-1.0.0,mad-1.2.9.2.2.8,1.0.0,10墩1휑,2,"DE-003,DE-007",0,0,0,0,0,0,0,0,0,0,0,0,0,0,0,0,0,0,0,0,0,0,0,0,0,0,0,0,0,0,0,0,0,0,0,1,0,0,0,1,0,0,0,0,0,0,0,0,0,0,0,0,0,0,0,0,0,0,0,0,175,0.46419098143236076,1,0,0,1,0,0,60,0.0019704433497536944,115,0.005121580547112469,0.010638297872340425,0.0024142179715041824,0.0041946986688451565,0.4224881450132319,0.00023712421479230004,0.006978510638297872,0.003940886699507395,0.017241379310344827,0.005714285714285698,0.0140432706604391,1.3667815142800193e-05,0.0005315261444422297,17,0.5714285714285714,3.8120038055526817
mad-1.2.8.2.2.8-1.0.0,mad-1.2.8.2.2.8,1.0.0,10墩1휑,2,"DE-003,DE-007",0,0,0,0,0,0,0,0,0,0,0,0,0,0,0,0,0,0,0,0,0,0,0,0,0,0,0,0,0,0,0,0,0,0,0,1,0,0,0,1,0,0,0,0,0,0,0,0,0,0,0,0,0,0,0,0,0,0,0,0,175,0.46419098143236076,1,0,0,1,0,0,60,0.0019704433497536944,115,0.005121580547112469,0.010638297872340425,0.0024142179715041824,0.0041946986688451565,0.4224881450132319,0.00023712421479230004,0.006978510638297872,0.003940886699507395,0.017241379310344827,0.005714285714285698,0.0140432706604391,1.3667815142800193e-05,0.0005315261444422297,17,0.5714285714285714,3.8120038055526817
multi-cloud-data-migrator-1.258.4,multi-cloud-data-migrator,1.258.4,10墩1휑,7,"DE-001,DE-002,DE-003,DE-007,IG-001,IG-007,SP-003",1,0,0,0,0,0,1,0,0,0,0,0,0,0,0,0,0,0,0,0,0,0,0,0,0,0,0,0,0,0,0,0,0,1,1,1,0,0,0,1,0,0,0,0,0,0,0,0,0,0,0,0,0,0,0,0,0,0,1,0,11414,0.516774573278399,3,0.0004380585246188891,0,0.9985106010162957,0,0.0010513404590853338,5283,4.0554861746457394e-05,6131,9.321685474978471e-05,0.0003622204111201666,3.785438881799839e-05,6.440694774349605e-05,0.4320699939686336,3.9311372270896444e-09,1.4407798264679297e-06,8.110972349292732e-05,0.0007009550512573382,8.761170492378324e-05,0.00014350005122835908,1.6460177754977888e-09,2.149792042937858e-07,252,0.8,6.408098348939791
testcatplzignore2-1.0.16,testcatplzignore2,1.0.16,10墩2휑,8,"DE-001,DE-002,IG-001,IG-002,IG-003,IG-004,PE-001,PE-002",1,1,1,1,0,0,0,0,0,0,0,0,0,0,0,0,0,0,0,0,0,0,0,0,0,0,0,0,0,0,0,0,0,1,1,0,0,0,0,0,1,1,0,0,0,0,0,0,0,0,0,0,0,0,0,0,0,0,0,0,17,0.21794871794871795,3,0.47058823529411764,0,0.4117647058823529,0.11764705882352941,0,4,0.014705882352941176,13,0.022154316271963334,0.03896103896103896,0.014375457282507352,0.023898925043883825,0.244382773802625,0.0014575208073660088,0.006151742993848257,0.029411764705882353,0.1875,0.058823529411764705,0.09126468749999998,0.0004901960784313725,0.008333333333333333,8,0.6666666666666666,2.6986604604011153
hex-stablecoin-7.7.7,hex-stablecoin,7.7.7,10墩2휑,2,"PE-001,PE-002",0,0,0,0,0,0,0,0,0,0,0,0,0,0,0,0,0,0,0,0,0,0,0,0,0,0,0,0,0,0,0,0,0,0,0,0,0,0,0,0,1,1,0,0,0,0,0,0,0,0,0,0,0,0,0,0,0,0,0,0,2,0.3333333333333333,1,0,0,0,1,0,0,0,2,0.4,0.6000000000000001,0.19609478923940765,0.23851373452227542,0.3921895784788153,0.05000000000000001,0.10000000000000002,0,0,0.5,0.5,0,0,2,0.3333333333333333,1
hubl-parser-1.0.0,hubl-parser,1.0.0,10墩2휑,11,"DE-001,DT-001,DT-002,DT-004,DT-010,IG-001,IG-002,IG-003,IG-004,PE-001,PE-002",1,1,1,1,0,0,0,0,0,0,0,1,1,0,1,0,0,0,0,1,0,0,0,0,0,0,0,0,0,0,0,0,0,1,0,0,0,0,0,0,1,1,0,0,0,0,0,0,0,0,0,0,0,0,0,0,0,0,0,0,15,0.15,4,0.3333333333333333,0.4,0.13333333333333333,0.13333333333333333,0,2,0.009523809523809525,13,0.01952861952861953,0.04040404040404041,0.0094977795739595,0.011877515992900496,0.1424666936093925,0.002906617192331478,0.018552875695732836,0.019047619047619046,0.07142857142857142,0.06666666666666665,0.11077116556378597,0,0,7,0.4166666666666667,2.5492553971685004
advertising-charts-99.0.0,advertising-charts,99.0.0,10墩2휑,7,"DE-001,DE-003,DE-007,DT-004,DT-009,PE-001,PE-002",0,0,0,0,0,0,0,0,0,0,0,0,0,0,1,0,0,0,1,0,0,0,0,0,0,0,0,0,0,0,0,0,0,1,0,1,0,0,0,1,1,1,0,0,0,0,0,0,0,0,0,0,0,0,0,0,0,0,0,0,117,0.45348837209302323,3,0,0.008547008547008548,0.9743589743589743,0.017094017094017096,0,41,0.0030209254347185383,76,0.007715587482124433,0.019455252918287938,0.0036167405321468177,0.006383146309101338,0.42315864226117766,3.217599521101467e-05,0.0003529304474708171,0.006041850869437072,0.02586206896551724,0.00854700854700854,0.01749876104561851,2.562821153525801e-06,7.496251874062968e-05,19,0.6521739130434783,3.7159816474455374
mad-10.2.1.2.2.8-1.0.0,mad-10.2.1.2.2.8,1.0.0,10墩2휑,2,"DE-003,DE-007",0,0,0,0,0,0,0,0,0,0,0,0,0,0,0,0,0,0,0,0,0,0,0,0,0,0,0,0,0,0,0,0,0,0,0,1,0,0,0,1,0,0,0,0,0,0,0,0,0,0,0,0,0,0,0,0,0,0,0,0,177,0.4621409921671018,1,0,0,1,0,0,61,0.00195814072932717,116,0.005117283402845546,0.010471204188481676,0.0023800410114294865,0.004166926833586343,0.42126725902301915,0.0002036843850459771,0.004947300435613088,0.003916281458654347,0.017045454545454544,0.005649717514124287,0.011296919544456111,1.724264436128843e-05,0.0006818181818181819,15,0.5555555555555556,3.7112626519192817
gardr-finn-js-7.7.7,gardr-finn-js,7.7.7,10墩3휑,2,"PE-001,PE-002",0,0,0,0,0,0,0,0,0,0,0,0,0,0,0,0,0,0,0,0,0,0,0,0,0,0,0,0,0,0,0,0,0,0,0,0,0,0,0,0,1,1,0,0,0,0,0,0,0,0,0,0,0,0,0,0,0,0,0,0,2,0.3333333333333333,1,0,0,0,1,0,0,0,2,0.4,0.6000000000000001,0.19609478923940765,0.23851373452227542,0.3921895784788153,0.05000000000000001,0.10000000000000002,0,0,0.5,0.5,0,0,2,0.3333333333333333,1
gardr-finn-7.7.7,gardr-finn,7.7.7,10墩3휑,2,"PE-001,PE-002",0,0,0,0,0,0,0,0,0,0,0,0,0,0,0,0,0,0,0,0,0,0,0,0,0,0,0,0,0,0,0,0,0,0,0,0,0,0,0,0,1,1,0,0,0,0,0,0,0,0,0,0,0,0,0,0,0,0,0,0,2,0.3333333333333333,1,0,0,0,1,0,0,0,2,0.4,0.6000000000000001,0.19609478923940765,0.23851373452227542,0.3921895784788153,0.05000000000000001,0.10000000000000002,0,0,0.5,0.5,0,0,2,0.3333333333333333,1
testcatplzignore2-1.0.17,testcatplzignore2,1.0.17,10墩3휑,8,"DE-001,DE-002,IG-001,IG-002,IG-003,IG-004,PE-001,PE-002",1,1,1,1,0,0,0,0,0,0,0,0,0,0,0,0,0,0,0,0,0,0,0,0,0,0,0,0,0,0,0,0,0,1,1,0,0,0,0,0,1,1,0,0,0,0,0,0,0,0,0,0,0,0,0,0,0,0,0,0,17,0.21794871794871795,3,0.47058823529411764,0,0.4117647058823529,0.11764705882352941,0,4,0.014705882352941176,13,0.022154316271963334,0.03896103896103896,0.01437545728250735,0.023898925043883825,0.24438277380262496,0.001457520807366009,0.006151742993848257,0.029411764705882353,0.1875,0.0588235294117647,0.091264688,0.0004901960784313725,0.008333333333333333,8,0.6666666666666666,2.6986604604011153
mshops-web-metrics-components-99.0.0,mshops-web-metrics-components,99.0.0,10墩3휑,6,"DE-001,DE-002,DE-003,DE-007,PE-001,PE-002",0,0,0,0,0,0,0,0,0,0,0,0,0,0,0,0,0,0,0,0,0,0,0,0,0,0,0,0,0,0,0,0,0,1,1,1,0,0,0,1,1,1,0,0,0,0,0,0,0,0,0,0,0,0,0,0,0,0,0,0,126,0.4548736462093863,2,0,0,0.9841269841269841,0.015873015873015872,0,48,0.0030476190476190477,78,0.007275132275132285,0.018115942028985508,0.003343787465064953,0.0060282655814140095,0.4213172205981841,3.0702469832904615e-05,0.0005474308300395257,0.0060952380952381,0.024,0.007936507936507945,0.01605148847482961,3.072196620583717e-06,6.451612903225807e-05,21,0.7142857142857143,3.9386100553088266
mp3-web-lib-99.0.0,mp3-web-lib,99.0.0,10墩3휑,6,"DE-001,DE-002,DE-003,DE-007,PE-001,PE-002",0,0,0,0,0,0,0,0,0,0,0,0,0,0,0,0,0,0,0,0,0,0,0,0,0,0,0,0,0,0,0,0,0,1,1,1,0,0,0,1,1,1,0,0,0,0,0,0,0,0,0,0,0,0,0,0,0,0,0,0,126,0.4548736462093863,2,0,0,0.9841269841269841,0.015873015873015872,0,48,0.0030476190476190477,78,0.007275132275132285,0.018115942028985508,0.003343787465064953,0.0060282655814140095,0.4213172205981841,3.0702469832904615e-05,0.0005474308300395257,0.0060952380952381,0.024,0.007936507936507945,0.01605148847482961,3.072196620583717e-06,6.451612903225807e-05,21,0.7142857142857143,3.9386100553088266
toskasldfjaldf-parser-2.0.0,toskasldfjaldf-parser,2.0.0,10墩3휑,11,"DE-001,DT-001,DT-002,DT-004,DT-010,IG-001,IG-002,IG-003,IG-004,PE-001,PE-002",1,1,1,1,0,0,0,0,0,0,0,1,1,0,1,0,0,0,0,1,0,0,0,0,0,0,0,0,0,0,0,0,0,1,0,0,0,0,0,0,1,1,0,0,0,0,0,0,0,0,0,0,0,0,0,0,0,0,0,0,15,0.15,4,0.3333333333333333,0.4,0.13333333333333333,0.13333333333333333,0,2,0.009523809523809525,13,0.019528619528619527,0.04040404040404041,0.009497779573959498,0.011877515992900496,0.14246669360939246,0.002906617192331478,0.018552875695732836,0.019047619047619046,0.07142857142857142,0.06666666666666665,0.11077116556378597,0,0,7,0.4166666666666667,2.5492553971685004
yajusenpai-8.1.0,yajusenpai,8.1.0,10墩3휑,5,"DE-003,DE-007,IG-001,PE-001,PE-002",1,0,0,0,0,0,0,0,0,0,0,0,0,0,0,0,0,0,0,0,0,0,0,0,0,0,0,0,0,0,0,0,0,0,0,1,0,0,0,1,1,1,0,0,0,0,0,0,0,0,0,0,0,0,0,0,0,0,0,0,803,0.5440379403794038,3,0.0024906600249066002,0,0.9937733499377335,0.0037359900373599006,0,664,0.0010310462945997397,139,0.0017789222618570084,0.060338983050847464,0.0006792467183937326,0.0011176107696036208,0.5454351148701673,8.978542135918394e-06,0.0006381528413402939,0.0020620925891994654,0.10972568578553615,0.0012453300124533014,0.00271665393588148,8.70410079033895e-07,1.556657669185339e-05,21,0.9444444444444444,3.864515213233256
lc-http-3.2.0,lc-http,3.2.0,10墩3휑,12,"DE-001,DE-002,DT-001,DT-002,DT-003,DT-010,IG-001,IG-002,IG-003,IG-004,IG-007,PE-001",1,1,1,1,0,0,1,0,0,0,0,1,1,1,0,0,0,0,0,1,0,0,0,0,0,0,0,0,0,0,0,0,0,1,1,0,0,0,0,0,1,0,0,0,0,0,0,0,0,0,0,0,0,0,0,0,0,0,0,0,23,0.17829457364341086,4,0.43478260869565216,0.17391304347826086,0.34782608695652173,0.043478260869565216,0,0,0,23,0.010869565217391304,0.03125,0.0071946139459259815,0.014311732347196097,0.16547612075629758,9.66064703868538e-05,0.0011903297244094488,0,0,0.043478260869565195,0.0434782608695652,0,0,6,0.5714285714285714,2.04445108611554
csv-parsing-xyz-1.0.0,csv-parsing-xyz,1.0.0,10墩3휑,9,"DE-001,DE-002,DT-001,DT-002,DT-003,DT-010,IG-001,PE-001,PE-002",1,0,0,0,0,0,0,0,0,0,0,1,1,1,0,0,0,0,0,1,0,0,0,0,0,0,0,0,0,0,0,0,0,1,1,0,0,0,0,0,1,1,0,0,0,0,0,0,0,0,0,0,0,0,0,0,0,0,0,0,12,0.08823529411764706,4,0.08333333333333333,0.25,0.5,0.16666666666666666,0,3,0.022727272727272728,9,0.014197530864197535,0.022222222222222223,0.006987145910139721,0.00929918889555601,0.08384575092167665,0.000545052515201769,0.0022553897180762855,0.04545454545454545,0.2727272727272727,0.08333333333333333,0.1282600241599028,0.0015151515151515152,0.01818181818181818,6,0.3333333333333333,2.355388542207534
kn-nf-iso-properties-kn1-99.87.31,kn-nf-iso-properties-kn1,99.87.31,10墩5휑,10,"DE-001,DT-001,DT-002,DT-003,DT-011,IG-001,IG-003,IG-007,PE-001,PE-002",1,0,1,0,0,0,1,0,0,0,0,1,1,1,0,0,0,0,0,0,1,0,0,0,0,0,0,0,0,0,0,0,0,1,0,0,0,0,0,0,1,1,0,0,0,0,0,0,0,0,0,0,0,0,0,0,0,0,0,0,17,0.11333333333333333,4,0.5294117647058824,0.17647058823529413,0.17647058823529413,0.11764705882352941,0,0,0,17,0.009869719699960519,0.020134228187919462,0.008226461700576698,0.012804736727427919,0.13984984890980387,0.0001800556972290095,0.0014284418646834753,0,0,0.058823529411764705,0.058823529411764705,0,0,9,0.3333333333333333,2.984234164652489
hrm-absence-frontend-deps-1.0.1,hrm-absence-frontend-deps,1.0.1,10墩5휑,2,"PE-001,PE-002",0,0,0,0,0,0,0,0,0,0,0,0,0,0,0,0,0,0,0,0,0,0,0,0,0,0,0,0,0,0,0,0,0,0,0,0,0,0,0,0,1,1,0,0,0,0,0,0,0,0,0,0,0,0,0,0,0,0,0,0,3,0.09375,1,0,0,0,1,0,0,0,3,0.07526881720430108,0.0967741935483871,0.03344266313649754,0.04403462766181218,0.10032798940949261,0.03046594982078853,0.06451612903225806,0,0,0.3333333333333333,0.3333333333333333,0,0,2,0.3333333333333333,0.9182958340544896
hrm-absence-frontend-deps-1.0.0,hrm-absence-frontend-deps,1.0.0,10墩5휑,2,"PE-001,PE-002",0,0,0,0,0,0,0,0,0,0,0,0,0,0,0,0,0,0,0,0,0,0,0,0,0,0,0,0,0,0,0,0,0,0,0,0,0,0,0,0,1,1,0,0,0,0,0,0,0,0,0,0,0,0,0,0,0,0,0,0,3,0.09375,1,0,0,0,1,0,0,0,3,0.07526881720430108,0.0967741935483871,0.03344266313649754,0.04403462766181218,0.10032798940949261,0.03046594982078853,0.06451612903225806,0,0,0.3333333333333333,0.3333333333333333,0,0,2,0.3333333333333333,0.9182958340544896
eslint-js-config-0.3.0,eslint-js-config,0.3.0,10墩5휑,6,"DE-001,DT-003,IG-001,PE-001,PE-002,PE-009",1,0,0,0,0,0,0,0,0,0,0,0,0,1,0,0,0,0,0,0,0,0,0,0,0,0,0,0,0,0,0,0,0,1,0,0,0,0,0,0,1,1,0,0,0,0,0,0,1,0,0,0,0,0,0,0,0,0,0,0,24,0.03187250996015936,4,0.08333333333333333,0.4166666666666667,0.375,0.125,0,4,0.007246376811594203,20,0.0034906914893617024,0.006648936170212766,0.0013555935678219784,0.0025809128484507128,0.032534245627727484,0.00018916599675609827,0.0025933241493611356,0.014492753623188406,0.08695652173913043,0.04166666666666666,0.0913443513595518,8.23451910408432e-05,0.001976284584980237,10,0.3333333333333333,3.0068665431825226
eslint-js-config-0.3.2,eslint-js-config,0.3.2,10墩5휑,6,"DE-001,DT-003,IG-001,PE-001,PE-002,PE-009",1,0,0,0,0,0,0,0,0,0,0,0,0,1,0,0,0,0,0,0,0,0,0,0,0,0,0,0,0,0,0,0,0,1,0,0,0,0,0,0,1,1,0,0,0,0,0,0,1,0,0,0,0,0,0,0,0,0,0,0,24,0.03162055335968379,4,0.08333333333333333,0.4166666666666667,0.375,0.125,0,4,0.007246376811594203,20,0.00346306068601583,0.0065963060686015824,0.0013387816484695166,0.002550773102719906,0.0321307595632684,0.00018656240088113401,0.002572742355430233,0.014492753623188406,0.08695652173913043,0.04166666666666666,0.09134435135955181,8.23451910408432e-05,0.001976284584980237,10,0.3333333333333333,3.0068665431825226
tjt-podlet-frontpage-7.7.7,tjt-podlet-frontpage,7.7.7,10墩6휑,2,"PE-001,PE-002",0,0,0,0,0,0,0,0,0,0,0,0,0,0,0,0,0,0,0,0,0,0,0,0,0,0,0,0,0,0,0,0,0,0,0,0,0,0,0,0,1,1,0,0,0,0,0,0,0,0,0,0,0,0,0,0,0,0,0,0,2,0.3333333333333333,1,0,0,0,1,0,0,0,2,0.4,0.6000000000000001,0.19609478923940765,0.23851373452227542,0.3921895784788153,0.05000000000000001,0.10000000000000002,0,0,0.5,0.5,0,0,2,0.3333333333333333,1
kn-nf-iso-properties-kn1-99.87.33,kn-nf-iso-properties-kn1,99.87.33,10墩6휑,13,"DE-001,DE-002,DT-001,DT-002,DT-003,DT-011,DT-032,IG-001,IG-003,IG-007,PE-001,PE-002,PE-015",1,0,1,0,0,0,1,0,0,0,0,1,1,1,0,0,0,0,0,0,1,0,0,0,0,0,0,0,0,0,0,1,0,1,1,0,0,0,0,0,1,1,0,0,0,0,0,0,0,0,0,0,0,0,1,0,0,0,0,0,50,0.14285714285714285,4,0.2,0.1,0.64,0.06,0,19,0.007755102040816327,31,0.006246418338108879,0.020057306590257878,0.002938932653829082,0.005743353760371921,0.1469466326914541,6.455225109508281e-05,0.0005763593847775252,0.015510204081632657,0.08163265306122448,0.020000000000000028,0.04331831721847652,0.001488095238095238,0.01403061224489796,12,0.5714285714285714,3.1909521314928404
simple-app-theme-1.0.2,simple-app-theme,1.0.2,10墩6휑,7,"DE-001,DT-003,IG-010,PE-001,PE-002,PE-010,PE-015",0,0,0,0,0,0,0,0,0,1,0,0,0,1,0,0,0,0,0,0,0,0,0,0,0,0,0,0,0,0,0,0,0,1,0,0,0,0,0,0,1,1,0,0,0,0,0,0,0,1,0,0,0,0,1,0,0,0,0,0,14,0.007246376811594203,4,0.07142857142857142,0.14285714285714285,0.14285714285714285,0.6428571428571429,0,1,0.005494505494505495,13,0.0008877709550935857,0.0015535991714137752,0.0005934772437447738,0.0009887368143683545,0.008308681412426834,3.7028788541468215e-07,5.1840303958055504e-06,0.01098901098901099,0.07692307692307693,0.07142857142857142,0.12459102001770093,0,0,9,0.5,3.039148671903071
simple-app-theme-1.0.1,simple-app-theme,1.0.1,10墩6휑,8,"DE-001,DT-003,DT-004,IG-010,PE-001,PE-002,PE-004,PE-010",0,0,0,0,0,0,0,0,0,1,0,0,0,1,1,0,0,0,0,0,0,0,0,0,0,0,0,0,0,0,0,0,0,1,0,0,0,0,0,0,1,1,0,1,0,0,0,0,0,1,0,0,0,0,0,0,0,0,0,0,15,0.007763975155279503,4,0.06666666666666667,0.2,0.13333333333333333,0.6,0,2,0.009523809523809525,13,0.0008631106507854306,0.0015535991714137752,0.0005919680125183277,0.0009887368143683545,0.008879520187774916,3.456020263870367e-07,5.1840303958055504e-06,0.019047619047619046,0.14285714285714285,0.06666666666666665,0.08990959135802468,0,0,9,0.6666666666666666,2.9735572622751856
eslint-js-config-0.3.3,eslint-js-config,0.3.3,10墩6휑,6,"DE-001,DT-003,IG-001,PE-001,PE-002,PE-009",1,0,0,0,0,0,0,0,0,0,0,0,0,1,0,0,0,0,0,0,0,0,0,0,0,0,0,0,0,0,0,0,0,1,0,0,0,0,0,0,1,1,0,0,0,0,0,0,1,0,0,0,0,0,0,0,0,0,0,0,24,0.031209362808842653,4,0.08333333333333333,0.4166666666666667,0.375,0.125,0,4,0.007246376811594203,20,0.003417969,0.006510416666666666,0.001320228273725076,0.0025156304635418347,0.03168547856940182,0.00018467082642963204,0.002539155869730552,0.014492753623188406,0.08695652173913043,0.04166666666666665,0.0913443513595518,8.23451910408432e-05,0.001976284584980237,10,0.3333333333333333,3.0068665431825226
mad-5.0.1.2.2.8.-1.0.1,mad-5.0.1.2.2.8.,1.0.1,9墩30휑,2,"DE-003,DE-007",0,0,0,0,0,0,0,0,0,0,0,0,0,0,0,0,0,0,0,0,0,0,0,0,0,0,0,0,0,0,0,0,0,0,0,1,0,0,0,1,0,0,0,0,0,0,0,0,0,0,0,0,0,0,0,0,0,0,0,0,182,0.45843828715365237,1,0,0,1,0,0,61,0.0018517394208001942,121,0.004953379953379958,0.010101010101010102,0.002294581688983607,0.0040569740865251,0.4176138673950165,0.00022870238060111473,0.005558304564633679,0.0037034788416003823,0.016574585635359115,0.005494505494505474,0.010958355360817287,1.5684131706231154e-05,0.0006445672191528546,16,0.5517241379310345,3.7547420072005853
mad-5.0.1.2.2.8.-1.0.0,mad-5.0.1.2.2.8.,1.0.0,9墩30휑,2,"DE-003,DE-007",0,0,0,0,0,0,0,0,0,0,0,0,0,0,0,0,0,0,0,0,0,0,0,0,0,0,0,0,0,0,0,0,0,0,0,1,0,0,0,1,0,0,0,0,0,0,0,0,0,0,0,0,0,0,0,0,0,0,0,0,182,0.45843828715365237,1,0,0,1,0,0,61,0.0018517394208001942,121,0.004953379953379958,0.010101010101010102,0.002294581688983607,0.0040569740865251,0.4176138673950165,0.00022870238060111473,0.005558304564633679,0.0037034788416003823,0.016574585635359115,0.005494505494505474,0.010958355360817287,1.5684131706231154e-05,0.0006445672191528546,16,0.5517241379310345,3.7547420072005853
internallib_v125-1.0.9,internallib_v125,1.0.9,9墩30휑,2,"PE-001,PE-002",0,0,0,0,0,0,0,0,0,0,0,0,0,0,0,0,0,0,0,0,0,0,0,0,0,0,0,0,0,0,0,0,0,0,0,0,0,0,0,0,1,1,0,0,0,0,0,0,0,0,0,0,0,0,0,0,0,0,0,0,2,0.11764705882352941,1,0,0,0,1,0,0,0,2,0.09375,0.125,0.062414629785156245,0.07231741054687499,0.12482925957031249,0.004166666666666667,0.008333333333333333,0,0,0.5,0.5,0,0,2,0.3333333333333333,1
